SampleID," 1,4-D-xylobiose ",1-Deoxypentitol NIST,1-Eicosanol NIST,1-Hexacosanol NIST,1-Monopalmitin NIST,1-Tetracosanol NIST,2-hydroxypyridine,2-methyl-3-hydroxybutyric acid,2-Trimethylsilyloxysebacic acid NIST,"3,5-Dihydroxybenzoic acid NIST",3-3-hydroxyphenylpropionic acid,3-4-hydroxyphenylpropionic acid,3-hydroxybutyric acid,3-hydroxypyridine,4-2-hydroxyethylphenol  tyrosol,4-guanidinobutyric acid,4-hydroxy-3-methoxybenzoic acid,4-hydroxycyclohexanecarboxylic acid cis,4-hydroxyphenylacetic acid,4-Methoxy-2-trimethylsilyloxyphenyl2-trimethylsilyloxyphenylmethanone NIST,5-aminovaleric acid 1,5-Hydroxycaproic acid NIST,5-hydroxyindole-3-acetic acid,5-Trimethylsilyloxy-n-valeric acid NIST,6-hydroxy caproic acid,adipic acid,arachidic acid,Azelaic acid NIST,behenic acid,benzoic acid,Beta- alanine,beta-Alanine NIST,beta-Sitosterol NIST,capric acid,caprylic acid,carbonate ion NIST,catechol,ciliatine,cycloleucine,D-arabinose,D-galactaric acid,D-galacturonic acidM,D-gluconic acid,D-glucose,D-glucuronic acidM,DL-3-aminoisobutyric acid,D-lyxose,D-lyxosylamine NIST,D-mannitol,D-mannose,D-Myo-Inositol  phosphate NIST,Docosanol NIST,Dodecanedioic acid NIST,D-ribose,D-xylose,fructose,fumaric acid,gluconolactone,glycerol,glycerol 3-phosphate,Glycerol monostearate NIST,Glyceryl-glycoside NIST,glycolic acid,Heptanoic acid NIST,Hexacosanoic acid NIST,Hexanoic acid NIST,hydrocinnamic acid,lactic acid,lactobionic acid NIST,lactose,L-Aspartic acid NIST,L-glutamic acid,L-glutamic acid dehydrated,Lignoceric acid NIST,L-leucine,L-lysine,L-mimosine,L-ornithine,L-serine,L-threonineM,L-tyrosine,L-valine,methylmalonic acid,Methylsuccinic acid NIST,myo-inositol,Myo-Inositol phosphate NIST,myristic acid,n-Butylamine NIST,Octacosanoic acid NIST,Octadecanenitrile NIST,orcinol,palatinose,palmitic acid,Pentacosanoic acid NIST,Pentanedioic acid NIST,Phenylacetic acid NIST,phenylethylamine,phosphoric acid,pimelic acid,porphine,p-Toluic acid NIST,putrescine,sebasic acid,Serratene NIST,stearic acid,Stigmasterol NIST,tagatose,talose,Tricarballylic acid NIST,Tricosanoic acid NIST,Unknown 001,Unknown 002,Unknown 003,Unknown 004,Unknown 005,Unknown 007,Unknown 008,Unknown 009,Unknown 010,Unknown 011,Unknown 012,Unknown 013,Unknown 014,Unknown 015,Unknown 016,Unknown 017,Unknown 018,Unknown 019,Unknown 020,Unknown 021,Unknown 022,Unknown 023,Unknown 024,Unknown 025,Unknown 026,Unknown 027,Unknown 028,Unknown 029,Unknown 030,Unknown 031,Unknown 032,Unknown 033,Unknown 034,Unknown 035,Unknown 036,Unknown 037,Unknown 038,Unknown 039,Unknown 040,Unknown 041,Unknown 042,Unknown 043,Unknown 044,Unknown 045,Unknown 046,Unknown 047,Unknown 049,Unknown 050,Unknown 051,Unknown 052,Unknown 053,Unknown 054,Unknown 055,Unknown 056,Unknown 057,Unknown 058,Unknown 059,Unknown 060,Unknown 061,Unknown 062,Unknown 063,Unknown 064,Unknown 065,Unknown 066,Unknown 067,Unknown 069,Unknown 070,Unknown 071,Unknown 072,Unknown 073,Unknown 074,Unknown 075,Unknown 076,Unknown 077,Unknown 078,Unknown 079,Unknown 080,Unknown 081,Unknown 082,Unknown 083,Unknown 084,Unknown 085,Unknown 086,Unknown 087,Unknown 088,Unknown 089,Unknown 090,Unknown 091,Unknown 092,Unknown 093,Unknown 094,Unknown 095,Unknown 096,Unknown 097,Unknown 098,Unknown 099,Unknown 100,Unknown 101,Unknown 102,Unknown 103,Unknown 104,Unknown 105,Unknown 106,Unknown 107,Unknown 108,Unknown 109,Unknown 110,Unknown 112,Unknown 114,Unknown 115,Unknown 116,Unknown 117,Unknown 118,Unknown 119,Unknown 120,Unknown 121,Unknown 122,Unknown 123,Unknown 124,Unknown 125,Unknown 126,Unknown 128,Unknown 129,Unknown 130,Unknown 131,Unknown 132,Unknown 133
90-110cm_C_1,,122331.5051,778125.8997,1985191.799,904553.2317,1789926.746,4679931.971,540121.8743,373619.7987,,32014.14945,80852.98044,257601.1865,59742.38164,464184.4488,79015.36924,1142974.441,207293.7676,622626.8102,71887.4736,42106.79585,484652.1705,320696.9041,269631.3077,110586.561,101624.4599,1815984.974,101576.3313,3375702.17,1291497.455,634175.3639,1719941.644,1343929.591,258130.9645,335600.7771,1724322.953,2316543.314,106124.5987,34531.14217,182228.7729,,32592.83982,19646.49088,85814.64227,23174.98616,46927.11956,290299.8792,,132836.3192,185928.8469,1505670.75,1011014.825,151042.7474,185111.7842,118755.0224,23175.32862,958464.5448,913972.8017,,651553.4751,1466927.842,,520351.6306,82901.34712,7042888.808,1803120.775,2601985.504,3998431.896,215897.1608,,36692.52301,7507.611056,1774676.812,7279645.048,168071.4565,66798.75345,292707.2788,,204596.2824,130394.0426,1084506.386,37601.58646,535753.3672,355926.168,,1079389.771,471478.7532,34950.18187,3453732.862,1313415.154,,,1571225.221,944330.0789,269462.3935,995001.3856,41161.5389,35043091.39,26860.06889,5834308.626,832899.7047,128603.8378,71496.10886,1363899.016,1084677.554,482678.1181,7115.593965,107643.4175,,721073.6068,654694.0809,59264.60421,,993468.3041,36956.99812,337377.914,1399657.877,,,164092.111,77582.39456,261929.4243,607280.8852,117365.9596,63884.98969,122551.9901,444503.8868,,,8376.30467,8743.130517,1178931.603,,218029.4064,,,70576.27158,588438.8275,14426.48577,266617.5204,910726.9388,118752.1624,1460901.542,,461180.1149,11754.15279,827323.6693,215866.5106,291161.6232,25690.34147,,462806.9741,1419216.191,1631054.53,351825.4271,562199.1938,38940.70358,186388.6903,,235429.2463,978520.6672,,431174.6025,42601.36281,95284.04952,271185.6577,194249.374,14548.41003,804101.6902,474242.6152,,,,,128129.5082,738737.4959,,,190552.9763,610406.6026,144485.9895,73783.25541,118704.1022,6219.862219,117344.681,125389.1617,,60463.74938,364043.5991,,882763.5728,901384.4699,194068.8454,,,,730675.3557,103556.9361,55300.88737,,1257058.03,,68027.4982,,20030.0461,,642489.5013,,70424.23456,104129.9365,56509.07031,781903.2035,23560.353,1351051.83,26145.1049,,1466262.893,,57895.32701,229596.6823,1452624.703,,1150761.947,,3966.901431,53798.78887,483372.2122,,312389.8298,,657188.3882,381459.3824,1154763.823,1234634.168,681720.6813,,1534993.661
90-110cm_C_2,,69353.46692,141876.7028,646674.7007,635831.585,587134.0083,3829732.305,656882.0454,248930.0414,,21781.2588,,243016.4903,141049.2638,392725.0484,135346.036,81963.83587,410239.7577,294726.7749,49325.68432,123920.3414,288958.844,60558.06689,646373.3517,151026.7046,264315.7096,899605.2439,118079.527,1028807.572,485821.2092,657284.2825,1086035.552,302507.8163,,138140.6489,3277657.048,1447394.006,,14524.91822,384264.799,,1891640.129,116091.7847,1683932.399,859421.2834,32939.79255,338573.7463,,201513.2343,442394.8601,445485.6351,411173.6406,,428763.3799,607027.1729,45686.85879,607183.7494,796969.4689,,1229901.225,985837.5119,,4705712.035,311729.5892,1214715.312,222790.4728,1077756.261,4695986.601,850500.7005,,205339.0031,287015.2967,1762580.115,1720482.935,264353.7904,200010.5953,733573.5825,,276820.9271,170559.5556,1748995.794,16629.58163,417441.4029,226922.3818,,120258.4885,280359.9297,138011.1238,552220.7206,256021.0007,,262973.3052,1235350.707,113592.7042,299153.613,3053093.179,27117.49925,33795478.45,199247.5193,6833654.836,468154.0899,,93446.49909,330202.0401,743568.5772,,33675.09504,421580.9052,76361.71027,214219.1709,509428.7815,28970.62888,,411503.116,191487.8435,450605.6803,4483610.125,,750200.277,148469.8538,32231.20015,172585.1573,178528.9558,88609.13639,19713.2145,439723.4666,414553.4857,,,16977.76717,28446.79237,1594351.684,,,,,117588.1333,871499.9484,4838.810307,195346.882,509844.2991,25070.33209,310417.4587,,314141.2414,37166.87106,576740.6603,248176.3523,442160.0917,25931.92304,,844150.6691,791572.175,,170337.0398,719613.1462,40276.9431,176105.4065,,,119028.8107,,324128.1545,11099.21875,121739.3596,27118.28144,86577.66269,27702.7042,441980.985,267655.5809,,,,,164472.1259,289990.054,,,201113.7504,34371.85568,286653.3097,31097.74746,184704.0813,,68250.36452,72191.02577,,22702.52762,410781.9277,1683.735137,1157325.034,99649.14366,51190.76237,,,,616948.7529,172766.4474,,,1259677.317,1134635.282,35870.53396,,,,1185167.892,,26469.93338,55979.33361,512553.0391,1016212.378,,1881775.506,12148.73614,,1252926.331,,59552.37416,159108.5578,971673.6568,,1226233.112,,,78899.21374,503241.0103,,184326.5993,,166190.2023,150787.1124,90901.22598,186388.927,165592.0776,,399287.1542
90-110cm_C_3,,157337.8329,472919.9776,1182039.178,884289.7867,1270453.415,3991360.071,304572.3167,357911.2229,,334550.4663,7923.28641,297178.2653,350580.1358,620815.2521,101027.8636,75548.52528,661526.6703,628344.0966,151365.1416,15589362.46,398134.1094,171897.778,546934.2295,204901.9937,398772.0306,1514074.051,224439.974,2953529.02,1113933.447,1334695.305,668392.7323,1590665.291,167464.1887,369393.7148,,798910.1289,174730.6724,73248.64866,306067,,24017.31592,37820.4955,124535.297,,67661.47773,374075.7893,,153904.7605,270268.8017,638112.714,856029.9935,1468.178422,651067.1251,523524.1071,48629.68572,988693.3465,1426441.341,,638638.8973,1387246.195,,12308267.22,331270.6688,6760559.644,626965.0485,2071548.133,4657764.218,2381055.2,,166315.2667,150994.8045,1783199.086,6711261.708,60617.15195,112763.1413,472224.5825,,398133.404,203612.7773,1142598.199,280920.6567,768428.0016,375528.0789,,424192.9431,289452.4379,55995.26925,2701005.024,1091624.87,,,1252254.937,752056.8154,1990818.809,2940613.852,21892.14507,32199215.5,660456.1753,13290498.97,990391.9372,216862.4084,148092.4282,1286494.718,1060104.015,520725.0678,38353.18906,107708.0929,,682128.8874,1279454.394,15700.35123,,990460.0402,341599.0855,189840.1317,146257.4041,,,268928.2764,73741.54849,230955.7267,703743.606,136446.2969,57742.74789,413629.8323,363630.4608,,,59660.43997,14323.20704,2620859.529,,300480.2336,,,158308.1178,635445.6406,21235.90418,207843.3994,1271485.006,95916.91084,646081.8842,,853275.1306,85427.37382,799745.1287,990275,439839.0686,41754.65473,,966809.4668,1813785.16,1693303.948,260924.762,998325.999,17022.34808,306838.3037,,,1292091.117,,453264.1613,24239.06999,252153.0586,1055055.901,665244.6303,206429.5719,599208.806,450672.6111,,,,,234026.37,323935.2299,,,359491.5965,281296.5992,411300.3353,71068.52211,261002.0127,2495.785089,27693.66708,135458.8108,,56102.54216,63545.92837,61766.8643,1336385.744,618347.2577,295316.718,,,,469975.6357,10111.92325,31091.69968,,1764530.743,1291153.041,78563.7179,11757.21621,21168.44086,,1098456.116,,30408.18399,77877.76805,,782508.6502,33428.33472,2477284.494,37868.05799,,1622191.15,,56268.82453,224548.5235,1665053.866,,1530344.122,,,50560.94797,519862.744,,281203.8303,,249854.808,263477.6412,1037729.211,1261908.12,577885.3836,,1228012.96
90-110cm_C_4,,81983.80568,39190.15575,739341.1721,1496091.101,1104290.873,3336919.1,429381.6686,201770.8903,,1382920.617,235561.6206,231778.3456,352840.4496,406495.6768,235976.2235,91620.89592,189865.6292,205048.3351,,15592740.66,1467302.675,78235.47133,448668.3547,162386.0839,571932.4859,753599.2118,219117.302,736992.8118,30744.86028,1598519.816,450137.3459,155951.1571,42109.89498,701702.4754,,903699.8028,289573,12742.17679,591681.2713,,2003083.34,192928.7824,2107971.411,222934.7668,54315.37041,329956.0663,,158229.4644,545349.8457,208072.5795,99712.28817,,745074.4504,710740.9968,285189.7411,954753.9864,802024.871,,997481.136,2415648.198,,7063630.935,257622.6827,993335.7366,176425.1959,254174.8223,40759615.43,460161.7636,,5219137.011,2188452.443,17212146.95,1065253.111,2195275.702,1915474.709,327232.1996,2285598.83,3048279.728,4597247.677,3587819.948,3020764.501,72030.05764,286613.5908,,201359.6685,248286.4719,65379.59972,369258.3879,157959.1911,,418228.7282,845196.7685,96390.26421,1664743.318,3548505.703,,28587977.14,677182.8667,15875220.01,623533.7151,157187.9864,275041.3531,308569.3663,607703.9391,,96036.83814,519770.5635,104279.9605,51132.42082,638711.3616,928177.4721,,366773.4316,472644.2947,1705800.282,102829.6469,,,323244.4033,50340.32581,121067.5866,216918.9497,280782.8117,66372.77963,915900.0387,352883.5542,,,44404.34516,22952.17607,3408273.579,,364740.9374,,,75611.24431,577380.7478,7970.311598,196996.4391,1305840,78160.001,411516.8186,,470691.796,111654.3656,747182.46,1369289.903,358871.0542,385199.2831,,7531405.892,894041.8629,,89968.54978,1720871.887,139222.5873,207137.4217,,,2156566.19,,515984.8888,55410,154801.3601,518524.0213,387993.348,44755.07064,2573890.053,1832705.584,,,,,616686.7033,351755.9164,,,371085.4869,450826.9902,612149.4867,74670.98782,214789.8323,,28248.96667,6464.043623,,62862.29262,78890.44232,64004.01651,1327399.917,1704304.362,249024.4084,,,,735508.6413,869.1216803,,,1434383.849,1204354.398,82675.77992,,14915.19145,,257078.6931,,,60614.05813,583504.736,209253.758,,2000149.973,40072.56315,,1536175.394,,234800.2766,199463.6999,1226001.023,,1811207.469,,,59296.02452,545537.9915,4527.656553,946770.8993,,201167.5976,267832.5288,94626.58168,164449.6069,97289.12598,,374348.8936
90-110cm_C_5,,164874.1646,79281.68782,1187027.37,314362.9393,789641.6612,3449510.548,329040.2362,218884.9333,,1363487.215,430327.3605,249363.1134,338411.7235,371117.4428,256608.6625,166597.8947,107613.0742,1126345.078,130229.9055,12400871.53,172698.8377,55314.71955,277744.378,169974.0952,346075.17,534141.3164,144189.6761,808698.8527,,1299144.782,757995.1932,168692.4005,75643.65417,130265.0117,,994091.9411,34211.54136,57852.37723,657188.1176,,3481759.682,223274.914,2056493.263,1902766,25903.28622,389217.7319,,151273.9072,602859.2511,371732.8544,178797.563,,590926.9817,861523.1385,338005.5919,727951.6262,872754.3613,,775064.4027,272442.3969,,9940033.013,246677.2014,661596.8373,175532.8424,38835.85358,6832860.752,299574.5199,,441644.9668,288892.5133,2049237.074,1178568.79,196236.9038,654604.6368,363573.6579,,278822.292,266803.2733,1880799.966,217025.072,523032.6047,340085.1795,6401.537234,104898.7372,211576.6259,47565.48045,141588.855,174369.1738,,440095.0486,1118527.549,51839.12988,1947503.255,2989520.269,45579.00383,27857772.69,427529.0403,11595750.47,,47339.9816,203634.3008,250467.3562,600129.9944,,105966.5804,863320.4354,105599.1863,329647.6202,,18290.37769,,393444.7322,988535.5855,884975.3754,4558793.649,,,228159.9127,44421.94229,171852.4887,558716.5742,510321.6683,14686.36064,1011508.515,264527.0525,,,32781.61476,29480.80615,2181925.753,,,,,177157.2772,600338.6304,58629.04815,171175.1966,1344718.641,83130.59019,623504.2989,,987650.2198,42096.8086,1141127.67,289188.5123,245427.3831,229313.184,,4906245,946315.2414,,162057.5547,916779.177,19295.22911,205588.0982,,887258.6154,345483.3246,,365054.5176,30194.11568,467512.917,455619.0541,384996.931,53597.89087,942080.2398,462612.2224,,,,,278624.1908,1434271.803,,,317567.6717,36739.00481,329830.8316,128096.0808,214880.6543,9590.234568,11257.31366,95060.18763,,21477.28053,157090.8398,36677.26694,,1988579.046,220049.0153,,,,564852.3998,169963.3243,,,2175845.641,,45736.77122,,18776,,1010987.797,,18017.59894,33626.40987,776770.3553,1155226.882,44052.52976,,26978.34427,,1346014.257,,55627.36781,192862.3772,1433882.907,,1620302.719,,,72333.13205,1096232.996,191744.2712,249489.9963,,154191.171,124247.8916,51068.51892,74349.99043,78260.7643,,109880.1165
90-110cm_C_6,,126492.3761,78264.3641,571044.8971,1157190.001,157119.1613,2766068.925,371947.9858,177136.7099,,1014478.432,369242.8515,207077.6843,297460.5064,232764.5819,219721.9234,53001.72529,99853.00401,545763.7748,142747.2778,11955618.9,165880.9427,54068.47269,246512.7338,182715.6647,333255.4686,582555.2577,100312.3222,656643.0149,306069.015,1266756.049,458659.5994,137424.8714,25604.37782,82312.75087,,813394.3258,63303.23957,89210.81297,249219.6469,,1768579.207,71363.58256,1364099.031,1290602.195,56145.21242,268188.4648,,232117.3001,335254.7867,134913.8152,86370.90746,,543687.4506,625936.4223,314121.3688,824098.171,805799.1445,,574832.1607,1972560.566,,8738953.448,238477.4965,931392.0919,238194.0652,49783.51003,4941261.805,178810.6349,,308067.2171,446445.38,1763772.61,1173928.444,48630.31164,1442033.955,275719.7465,,194506.1567,164575.7501,945035.0528,165831.3787,36167.28407,504945.6027,,801469.4859,257177.3888,60090.78569,223182.6541,127565.2236,,166837.6356,738804.4421,73500.38569,1096778.823,2833293.37,19668.66748,26086616.79,515406.4556,11933684.53,53727.08579,97074.68171,115809.6926,216014.3204,487576.653,,83681.14074,316917.5241,69244.0985,84427.50906,472818.694,15452.36417,,70158.3859,1040205.886,980136.3008,86866.94084,,,229311.1144,39606.94892,17771.34762,498699.6243,226575.3511,52248.74272,1178116.73,260518.0278,,,36372.92088,79841.30937,2259639.412,,328187.5095,,,153526.4194,404922.0438,49046.42583,164368.7359,461062.8524,67556.92868,676409.8587,,726467.361,49277.7466,992968.9111,182163.3071,224689.0601,233004.913,,4515116,1588700.718,1108547.389,161085.9345,821294.4598,29934.70485,214427.816,,,173907.1778,,392550.1782,28329,279313.6807,420425.2753,283132.1637,46220.21748,872901.1497,423415.1135,,,,,380987.5625,1485257.917,,,244726.8858,834581.8747,564876.7482,94870.09122,182179.4238,15934.26524,,,,8374.705813,956168.1294,24303.00558,1138375.171,1423600.551,253309.8465,,,,576710.6061,68474.80986,,,1403606.093,1151061.617,62486.10617,,,,222723.4987,,36128.00962,38390.19903,683629.0519,110148.1427,21412.53194,,15016.28017,,1304909.648,,146886.2207,153110.8758,1110081.172,,783328.2586,,,54764.11689,410454.1074,,173006.4805,,130640.7652,157256.1475,64586.16546,119816.7246,69460.87983,,137903.7168
90-110cm_U_1,,116953.0936,36165.8774,161264.0611,542405.5934,23291.26108,2071347.536,487298.2021,151373.9149,,306532.426,197898.5701,208504.0534,209391.7585,148272.6698,345973.7307,65812.3947,107275.3743,170598.6186,69612.73655,9870784.592,148903.5755,45794.2418,213515.473,117638.3603,238395.0609,659164.7997,68979.65173,464809.2059,201883.38,1032896.01,256727.2237,,36137.99855,54629.29447,,374819.8131,100583.2265,116010.1672,252564.5669,,1246549.256,83849.76902,1250035.798,231370.2939,35320.13443,289604.9075,,491886.9772,393171.5967,53604.4405,18984.20241,,570786.145,558845.876,284240.4954,269091.1641,648212.7842,,339607.6952,842816.751,,6228077.319,199588.8175,361500.1908,146209.4565,27220.82758,4705761.586,454273.8835,,315039.1242,991534.7892,1572467.759,447811.9086,205872.0727,951540.8365,382070.1888,,179826.1223,454100.5703,177911.2469,268551.68,257128.5191,417631.9057,141184.8625,475294.3779,160927.6512,42127.04223,95271.54324,24344.62807,,412244.8965,548644.1561,11605.36239,693903.38,1309984.011,31947.49302,11959084.81,81250.73989,5773166.878,,150784.81,95451.66883,22833.20632,449656.153,,87110.26293,507570.2726,37013.69625,23291.26108,172461.7048,16630.26863,,290828.6511,541752.7457,1305923.564,95027.33187,,,120240.2206,29466.62247,88142.22204,653374,143518.4283,23072.82122,406672.6177,256530.0514,,,74662.41435,48645.44767,2040272.989,,,,,71738.46671,268388.9447,68493.25357,101617.8328,609090.5822,54355.9307,331865.8027,,245254.5067,,746372.9597,242742.3499,146398.9085,212044.5965,,208736.5636,552371.9725,,62665.53609,901100.1833,22563.46206,115759.1555,,,191190.2565,,838902.4194,30119.41007,402999.8009,316968.1397,159586.5698,66717.86931,372554.3792,140793.7048,,,,,253388.3611,1927045.59,,,326089.6026,413081.5794,167475.6962,46125.13031,180334.0837,6490.584088,,,,29543.23822,50080.22589,,,923411.7557,158234.4136,,,,1028618.41,,,,690710.1835,,34466.52288,,1109.196713,,167606.3474,,,33689.48919,292716.5306,538200.7855,,,26059.58235,,1011037.585,,36972.40179,206924.5037,,,964161.1703,,,637794.4174,310695.3578,64533.879,195688.2202,,,92526.35195,,,31440.87511,,58783.39988
90-110cm_U_2,,111120.6605,,379006.2677,152636.7612,78673.53021,3222613.21,427718.0901,184422.5615,,95259.15286,7383.771308,196153.1353,265380.4059,500590.0325,207794.5539,84523.36352,116786.3119,412866.5787,155543.0741,12832158.9,458093.2056,42147.26823,483675.8885,157135.9178,317835.8847,575051.8043,120907.7288,547073.4399,,1029403.673,752303.3519,88890.81585,,637727.5588,,646742.8524,279168.5014,50094.25832,317519.0195,,1180129.452,80490.30667,1147099.613,196834.0089,137857.2555,252549.7424,,83153.97856,295284.5559,260715.7063,84543.02055,3136.679724,422553.7397,378194.9681,39909.49764,635332.3458,1143358.256,,448671.2117,425577.726,,4016631.579,195904.1713,426942.8334,2464286.96,966347.2199,5062682.584,82868.42383,,117803.5828,209530.8488,1520674.745,737461.4421,213048.9552,1840542.184,87224.06611,,385847.7402,168291.2535,105995.663,200501.0077,55338.27375,370965.721,,143717.9849,184955.4394,41121.83059,85849.30611,127129.678,,392729.8297,856736.14,46595.93937,1822025.017,2753651.559,10930.53706,26104952.57,200203.1962,5449569.52,501932.3822,361893.7633,133996.4217,139513.4386,551226.5424,,17369.98114,493160.8474,,33273.89291,262337.9072,8609.860361,,427453.6622,208951.552,1165693.103,155533.8325,,,137776.3369,40116.06386,145257.7732,154303.7023,461757.8279,5612.383277,342313.513,534103.7082,,,81579.48193,13004.90671,2056777.287,,44230.73532,,,57716.24765,408993.4774,,163482.258,616451.6206,53877.01637,367141.6239,,308601.2175,30972.61509,876147.3235,1505718.805,193394.3497,57764.42129,,259768.4162,933029.2473,1178729.164,282806.7528,1060843.896,93950.89842,127187.7144,,,140817.6625,,341469.9923,49662.70053,261195.5802,641525.7927,296891.533,79564.46294,529159.1661,245469.2803,,,,,158603.9567,108316.4887,,,256874.7801,30281.80414,211063.8092,120787.4434,383893.349,,6395.210024,44256.76001,,3924.225499,28616.78483,,,868024.7644,157598.7243,,,,472925.164,,,,752569.9084,,36188.54346,,9181.643682,,164081.2008,,11042.94582,33223.13463,251752.2551,512705.9313,,,26591.43379,,1094717.542,,30477.52313,161614.1026,,,931029.515,,,659184.4269,19007.31899,84615.52862,147023.7661,,92715.0728,85932.29917,27787.4052,37899.38777,8379.937641,,32644.91167
90-110cm_U_3,,156649.7581,248299.6519,1079178.333,723834.0144,901498.575,3669217.74,344463.8582,289370.1968,,51056.4874,10429.38271,302816.4273,255608.4936,942993.8671,134037.6051,58830.95937,281308.3838,456922.0774,145887.7128,25828671.53,498030.179,179687.1589,728874.8104,252046.5272,351810.5154,1461484.3,181506.8584,1901234.053,1286191.288,1011592.2,652055.9912,670986.6426,221307.0643,461780.2743,,1515851.461,178806.5478,19679.13904,115471,,36868.67091,23435.14932,94015.32674,23761.41851,166271.4653,253350.034,,125388.8861,227353.5554,1523157.358,706622.4077,33862.71144,591776.3,108543.2748,28987.06169,620982.3098,868545.5541,,205665.801,1248811.772,,9913602.467,286900.7807,2820819.878,2725497.449,2246406.557,6485061.747,1184190.106,,63068.89632,272795.0977,1375451.162,3517272.941,110822.8679,90164.08521,352849.5358,,443160.6616,113845.7758,1250520.939,41180.22507,17692.55016,445979.4736,,272229.9609,361183.7928,44957.40366,1441377.131,718130.6354,,587049.6279,1324673.98,494758.9405,2954442.51,5669138.687,41619.1884,23418507.8,375245.247,5671176.307,793390.7122,237141.48,169808.5585,686891.6513,860140.5368,208324.6922,32063.51665,69018.54652,,403818.582,722658.4973,2140.283146,,761967.8555,154784.6964,230084.1993,55829.63695,,,138115.2259,80604.78721,170652.6189,441613.7403,335774.8577,72373.36082,56715.49961,406855.8996,,,88346.49812,,2603566.332,,99649.38905,,,227203.122,619119.2149,29040.26574,249699.8375,584330.5151,42404.57229,636695.4313,,379398.2688,8090.203445,935479.1087,656732.375,268581.1283,1064827.826,,9133772.048,1325368.602,1210304.368,313502.9014,138816.968,24419.44019,137450.6108,,,300298.2503,161437.8608,477138.7421,84845.92184,148683.5119,1223458.914,643540.6153,175341.2172,518492.2792,632304.0357,,,,,151207.0839,699722.5475,,,354665.3774,210959.9625,489566.3546,81232.57515,224575.8446,,32277.47095,75902.05526,,71946.49238,176036.1237,69728.98682,,1788091.47,290985.896,,,,717681.9833,,,,1385514.167,,36414.45143,,,,,,70076.67761,85810.42225,63687.3885,877229.5539,,,,,1266346.228,,23032.03851,146663.2407,1560392.81,,955342.2589,,,1378903.679,927037.9924,110389.5692,392186.928,,227392.4348,217944.3217,348515.8016,621011.1632,267803.1831,,686459.1211
90-110cm_U_4,,88162.07691,79466.65978,532517.472,1183120.849,61076.61761,2140939.789,240476.6159,140242.7724,,113195.1692,1716.294442,435011.6989,243876.0056,335686.0569,280032.3171,44689.20095,152398.3342,191537.2945,134723.7493,14396618.95,239283.5376,,308659.8012,219457.1855,347653.2768,676321.2554,53170.9513,479976.8306,217964.3072,1067537.481,442454.8561,73045.59957,23023.72159,84524.50629,,511236.9485,19752.65153,103928.3191,393473.3922,,1854968.44,168820.7977,1583585.002,493420.484,71123.15669,287201.5937,,297256.9955,428668.9928,94321.24879,,,467606.9246,549059.0458,108767.4915,673631.8503,714480.6714,,636535.1771,1848490.95,,7466624.76,428250.0149,362271.4181,234736.3181,810294.9394,8083493.441,235932.983,,574031.6578,383977.732,2947643.642,561589.6595,33473.07447,1397266.246,200597.9741,,362034.6913,465447.0989,178270.0412,255895.3336,321947.3912,306066.3198,,586606.5066,223298.4837,43952.08649,109781.4693,89517.0388,,652288.7246,581805.2446,60538.95477,606769.2006,1366754.026,40605.44769,17097326.79,16360.79236,7728612.519,,250346.5922,117391.3326,124468.1411,403949.7647,,27154.18315,523499.3318,95704.59521,24279.76949,,29349.86663,,307631.968,535230.0842,715127.8923,83615.7969,,,177813.8665,48001.0327,,467024.3714,66823.09488,130038.5949,502772.2826,193194.9145,,,69950.97864,43781.90914,2793706.64,,,,,125564.4018,1062280.201,39180.84203,137797.3787,689702.2431,87871.96977,219114.6195,,451599.7117,,877673.7411,445512.8274,242183.9882,21499.64445,,243901.3817,1086274.258,,87003.39537,1189872.439,34577.54342,143017.7713,,,234463.3762,,154276.0371,68162.34448,419750.9266,608225.0103,307076.3691,65801.06703,792860.57,402879.1611,,,,,188206.159,1578352,,,369840.4024,317001.3186,519482.3724,99553.82806,264697.1095,2048.908907,5906.777434,8064.354879,,33255.13624,121482.6936,21286.44715,,1414759.174,237839.1812,,,,2828239.464,94333.38505,,,1432438.432,1065514.273,38468.56918,,10907.88323,,1067874.139,,,45999.98285,452611.8019,82573.00989,,,24568.84679,,1023853.073,,72994.59806,191982.6397,828162.9577,,1156768.701,,,943571.278,21894.82379,121233.2766,127954.8496,,76195.70864,117969.7031,,48832.71641,,,
90-110cm_U_5,,111376.5674,41160.07269,,1117720.82,19020.04371,1987459.401,202564.3565,159688.4763,,15463.68684,,171864.3004,221308.9014,210834.848,673288.0668,57156.43128,114295.8602,223817.3147,150840.2988,11765443.89,254036.595,56705.95362,614609.0845,174578.0832,240625.9476,354296.2402,43831.41076,130607.9959,218565.6123,916761.7576,311803.9481,,89479,51230.16225,,274531.9374,136428.8442,36054.28106,196820.9081,,1508244.163,64298.17473,831419.9613,146189.7946,106128.0161,276087.6514,,202187.8369,254467.9062,121437.5418,17200.53502,,437517.8132,404047.434,327291.6265,482742.9828,960608.2398,,483200.5567,1636922.186,,4405319.207,138292.9193,91663.139,181452.8217,193395.1375,6543297.836,75324.34083,,148157.6013,342084.7335,1659116.809,148468.9964,177682.3835,1248390.219,293700.936,,157408.7929,222620.1909,83882.50787,178588.3536,271124.8795,302009.6419,178474.4814,41199.97287,104479.435,35879.63654,38854.9451,,,417312.8767,545588.117,22064.76267,765792.0127,995514.3605,11875.96835,17858747.14,9410.335314,4859697.513,,179364.5829,112543.8594,23652.02702,401850.1665,,50179.25324,584058.8739,23031.21305,8953.429227,,18199.8896,,105075.9141,200654.3028,1058106.58,132728.8665,,,134140.6207,40426.53542,53509.39898,485370.6983,186467.7987,155877.7744,276869.8723,221528.7152,,,45873.25381,34187.56121,2686392.032,,26808.59102,,,126595.4237,561250.8427,74228.41892,112906.1679,542035.1642,36110.00868,148979.1199,,342448.4006,1784.50179,802862.9851,213742.5516,159649,32911.52023,,4261100.683,1335045.649,,83659.13949,606949.0992,25762.15978,137290.6803,,,175568.5077,,295856.0893,38629.50796,273229.3117,494036.0196,341072.6665,53645.86496,668492.8676,147960.3107,,,,,283181.6012,1779639.844,,,288648.7592,711063.6877,218262.048,29647.84938,200434.4773,,77229.93841,4207.79476,,10696.20105,95845.09031,,,718596.9758,133905.0542,,,,623795.7467,,,,191561.5528,,48547.45891,,11992.80018,,193593.6093,,,28401.34998,241978.4067,457946.4049,,,29444.39658,,1022589.996,,41649.47759,257026.4614,279856.5731,,804897.0368,,,784556.0495,492554.7194,80374.42876,191336.5512,,42267,72031.98528,,,,,
90-110cm_U_6,,58990.73808,,,356819.6359,61301.66543,1622562.125,318964.558,183037.9966,,44122.22754,1900.075657,343004.7063,187386.0817,306292.6688,362452.663,56702.69628,135562.1763,406441.9112,79079.99418,8671307.32,219049.0507,27979.32942,238063.5781,180677.7612,167129.1338,392273.6433,45705.71396,451761.3418,284730.5588,961454.5815,325894.0398,52780.2629,31141.17312,73751.4774,,626526.1247,184637.2839,67799.76091,219985.2527,,147609.1436,12667.95055,150006.3018,122971.9598,82537.0092,363543.6137,,37499.37626,129720.1281,183226.398,65248.74124,,300247.1059,187516.5014,155015.3932,445261.048,708450.738,,87183.95346,451616.5084,,4545217.701,358278.1833,250411.7975,165660.9227,1094406.361,4130265.976,29107.97632,,22685.30166,79273.02259,673075.3032,511245.9948,16118.26438,647967.5837,295312.7716,,193531.5316,96660.36439,466532.198,120482.9701,338630.1663,176908.5722,,,200031.8251,38599.15255,,78458.19572,,94081.00814,880388.9166,,686806.9354,2162898.602,38586.6834,11440660.41,9800.561573,4292009.927,,239333.1775,49400.00361,76157.16933,504158.6886,,36465.65101,66021.08602,,20313.35397,,3858.68957,,233322.6142,79784.74014,509942.3986,70357.55765,,,102575.0955,16825.08639,74737.9507,86652.77851,179438.966,14523.45195,156595.505,197368.8138,,,26087.1638,22054.19461,1566008.564,,107171.4349,,,38523,183989.9418,9038.176236,113503.2124,617552.9147,23994.43337,629467.3344,,302250.7314,,659550.2588,148810.341,164526.6193,463726.8418,,1115012.715,695285.7857,,120519.628,962312,24128.71161,114964.1574,,,130011.2755,,313335.0125,15271.54635,256819.9169,366727.7957,173273.8027,20560.46137,276392.6036,150594.3036,,,,,112829.0252,380891.5908,,,34074.9418,13850.4621,105562.1373,40497.21457,,,,,,10722.18492,5918.724072,,508183.5967,154512.1633,57472.05672,,,,1661578.921,,,,806312.8168,,38816.24234,10410.08548,8551.760934,,113204.4201,,,25635.39873,19605.1442,,,,22762.65918,,779431.0079,,30101.40913,172179.0723,,,473566.918,,,484230.5445,277273.4144,,113415.8107,,,,,,,,
55-80cm_C_1,,171999.6737,2456228.854,1219141.998,1078933.731,1531935.59,4408631.794,139353.1653,263724.0877,,55259.02487,,163125.3711,333314.9072,206185.9689,131999.6631,935128.5165,229520.2819,274264.9224,227367.3466,165268.3644,345460.321,124770.9791,710909.8102,134522.5491,104172.0657,3617194.773,93255.88321,4382669.714,272579.3125,584496.5223,549945.9728,1610972.352,200109.4645,522318.0756,,1651831.603,18071.42892,43627.49398,217323.5706,,,26191.66027,204202.6487,6030.05781,32017.32981,280533.5404,,46074.27311,129729.5417,1244937.521,2714391.379,169016.6191,314346.7644,61806.98001,24076.49576,774376.9054,918600.5287,,563572.8337,2402177.279,,427949.6599,54642.4246,3741519.395,933290.9477,1069615.557,6250818.416,434959.903,,49595.32627,118515.8547,1805396.479,4316156.464,42082.57566,63410.28994,268290.6071,,215048.3515,31613.48017,494341.1427,53282.56199,667988.1522,289996.4186,,1212523.217,591204.6501,71143.51531,2227325.352,1104360.331,,,1779820.127,706330.3085,110924.505,707592.2137,58794.5922,43166350.7,18725.81264,13690631.81,695208.1219,111764.9309,38370.72462,665904.2702,762832.1827,711665.5749,868731.6433,128910.9978,1575.269715,454292.6846,,61826.8776,,848358.9284,71201.28076,194525.7801,130937.5985,,,261735.1191,47125.11183,180740.3285,509408.4748,92141.61207,60831.82191,83799.10651,358968.0259,,,87736.17943,27602.45668,1408786.836,,267463.1927,,,84134.97989,249096.4588,,212263.5144,848009.301,74779.84084,1031229.871,,583889.6401,,671058.4614,303171.8899,243014.341,25495.94506,,195195.1188,906543.4992,1040270.795,266923.9819,640536.8765,51639.34753,201755.3608,,,271538.3562,,675238.0183,5041.014758,102171.5124,45071.9168,52514.54394,45511.829,620856,467666.4859,,,,,184949.4715,728835.7823,,,198619.9678,793240.1207,186718.8597,28337.25633,211746.7327,,71397.19924,66021.62942,,18395.10592,34455.04862,32327.77871,,678395.2957,298771.9398,,,,6469017.834,166890.9778,,,2376729.168,,94003.59123,,19803.40879,85332.74807,1395007.102,,76521.87356,209492.321,23061.71125,1567618.745,45401.42031,,41004.94647,,1112521.39,,35760.79053,261366.8932,1689959.392,,631943.8486,,,45120.38873,407846.1186,,541873.7703,,351577.4618,318269.5448,3498094.819,4645991.848,476654.5366,,1207045.45
55-80cm_C_2,363603.1124,119410.2875,278858.1577,608623.7424,810738.5821,351445.6644,3140349.793,271909.3376,141148.8456,,174210.6605,,187235.1191,234145.3472,120638.77,258198.1207,67771.4904,206756.0796,185573.942,127423.6669,292424.2895,284718.3617,46390.28648,611218.3256,234154.454,60911.00255,979020.731,58670.6526,890372.5372,193786.2775,685037.2052,383123.3037,533674.1937,74758.35043,56181.20815,,945861.5212,48057.08023,30290.69916,292958.142,,539810.9324,60164.83799,2351145.122,138617.5827,29547.33922,181341.5262,,669829.3578,224695,1310466.848,372741.7658,,283411.0583,263891.8197,96854.08715,794968.7268,753211.8809,,827668.7318,1723929.072,,431355.7565,229100.2221,1137805.103,402269.0941,306864.3777,12030115.94,377670.2452,,269824.4183,770714.3696,2521247.55,1117196.337,34928.28299,612491.3703,453330.1475,,256551.0285,357962.0074,1511296.421,224747.2073,34492.42786,122249.8131,,266590.9143,203239.5636,71589.70724,443716.885,267537.0225,,,992973.9779,97232.42128,53591.03283,564726.1711,35279.67547,31863537.87,46858.65432,10076066.28,23512.063,18343.22939,179419.7163,257060.4441,407809.5163,,,126276.2181,,74949.14723,274404.7057,50647.01152,,272396.9744,116783.9373,274680.6988,62002.75307,,,197970.3938,38616.46537,8701.552056,938871.6201,33698.4437,134612.1436,263270.463,266433.8109,,,66923.34081,26349.16828,1529711.017,,15817.63356,,,138395.5264,267832.2143,7330.800141,87812.55416,537592.2609,46897.95101,457126.4986,,319816.0972,3415.262047,251645.6961,233453.0468,191674.6226,91380.17686,,1535393.873,706325.6377,804253.5718,138941.5221,452080,28559.66374,191437.8517,,,964198.5031,,360435.2296,15772.17179,48064.38889,,15009.48224,30658.54042,591006.5835,154999.1969,,,,,238931.9612,1436822.02,,,37776.39317,22127.96663,527255.5053,136400.0851,119203.8368,,10497.08207,27391.27103,,981.7796003,,28971.88651,,475647.8344,58411.26196,,,,53921.98408,154724.5043,,,1854294.816,,64547.31058,,14451.97885,,,,70234.39602,52173.38158,273525.4531,893192.3583,33183.39114,,29572.53672,,1343558.072,,207999.7396,187650.5637,1000149.657,,1026892.712,,,202133.3511,1591286.657,604604.3948,388514.8395,,205716.3929,280783.1216,392927.615,926083.6091,142314.7445,,188582.9738
55-80cm_C_3,,106950.2483,1922110.06,853570.1138,595579.8009,841017.0152,3333576.093,214033.7166,270915.7531,,86746.18494,,275031.2018,290257.4047,120795.106,,129673.7485,421485.6052,392631.4157,146898.6345,5864031.254,247369.9823,120064.2368,1054129.818,250792.8544,253897.7361,2449398.806,104166.9023,2586852.487,,553378.2383,352996.8866,618495.1506,190723.8726,177058.2345,,782361.9811,69143.19028,69070.383,208067,,397345.3549,44323.47057,413073.577,312540.9404,14721.97962,392613.4859,,48324.02714,217235.7066,762679.9493,1682226.392,40052.4911,230384.5874,306374.3357,50418.24749,764093.4657,843680,,304635.312,1363326.302,,917347.5381,283560.4236,1507993.381,463754.9834,396907.6902,4222570.729,154730.6952,,49898.0649,58591.69974,1340136.152,2217683.688,93470.53482,955176,332175.7261,,185040.8077,66807.03699,713498.7701,33934.00701,359133.7441,175941.518,,853352.6473,271493.1625,58123.7343,384287.8883,667746.7493,,,1320830.051,178434.3966,214288.8951,557570.8812,45489.76457,33159779.5,229709.6628,10930016.04,388050.1706,60554.97582,278727.9592,409915.5693,805623.6276,263047.326,14170.51251,127258.7973,43478.49234,276208.8036,,3354.19932,,549833.2794,232278.4362,121082.2732,107643.2994,,,225530.6876,26337.55267,139967.8557,271715.0446,83719.88691,29774.16837,679293.0691,325934.7207,,,11639.33801,13384.90284,1567746.601,,213926.4479,,,30132.76939,422992.3101,60288.57704,225091.8456,742985.2381,31387.21508,860377.0338,,901925.897,23246.45649,699402.2497,856686.9571,323851.2557,314044.9092,,216732.7005,1267167.713,1001546.115,205793.6853,931859.1939,32551.98458,155989.0973,,,58676.05781,,342848.1235,25139.53896,89439.6808,126727.1061,119922.9407,155840.1126,590856.0259,150199.7155,,,,,164365.0044,878436.0571,,,275209.6712,380163.4251,160319.1858,22957.94582,92573.42793,,5499.153688,29980.48033,,17618.01452,30075.53979,24834.19471,,1005307.462,362504.4491,,,,5012144.991,123247.6003,,,1910080.931,,57312.77815,13030.92308,15358.46672,,176478.8355,,41026.79434,141186.0823,19925.27494,1015246.56,37741.86156,1710638.721,36997.08108,,1206752.125,,45944.51825,279290.1537,1217536.887,,761045.8974,,,,273694.3333,201358.5926,254526.161,,161645.0831,142830.6558,1370509.915,2110123.993,148067.4785,,156506.7656
55-80cm_C_4,,49711.76753,78539.44803,49774.43824,243598.2281,529127.0448,2960900.262,503375.8468,167055.495,,89828.7278,,140999.6839,89184.69437,62978.27026,140101.0709,77424.31213,362437.9004,79007.78546,,7217170.864,284969.812,37311.70684,141798.817,135811.7665,233036.6548,647706.6154,63234.77451,442226.7516,185874.6295,524122.9204,828014.2445,29862.59272,,212465.3189,2477071.299,376156.1146,51422.41075,29032.55605,231272.6035,,680862.4451,40812.92735,1383299.273,159668.6346,31432.85624,255010.0439,,412638.0191,228321.4225,126428.5702,81771.1265,,204715.8763,168079.981,136190.3563,459480.7921,506708.2397,,316079.9734,309824.7762,,531515.528,138444.2858,104155.0629,81622.55749,49831.51234,22869570.99,,143828.9054,848885.896,304800.6151,4488382.409,209421.1899,760338.3353,595899.6389,550104.2277,,783245.7848,992200.0825,219121.5413,703566.4201,261183.7628,26406.03973,,53377.39185,82144.16627,155174.9023,,,,,917346.6239,10633.12865,166461.5998,106837.0832,15652.17589,22888448.55,146624.336,6353674.425,305536.9069,46869.10014,107063.8803,50704.51481,504665.6851,,18045.27335,136291.7324,,,,82476.90423,,174863.8842,26342.87232,438098.9905,46880.47573,,,130101.8583,46796.75142,12040.8542,322814.976,33667.33161,20428.03607,374538.3264,404258.3554,,,6114.154912,14506.81994,1363191.083,,243341.607,,,23066.45832,164447.0685,18378.24771,146812.6237,556478.1981,106315.4279,562659.9428,,320191.3931,13384.41285,704676.6732,966142,121620.2189,392903.0531,,3099078.343,352574.7343,,74434.92789,735488,14919.75426,116025.2963,,,126060.1768,,114561.1301,14199.15531,71093.40655,49957.29457,90378.69788,110337.5649,922337.274,247571.7948,,,,,363099.497,1400647.736,,,126814.3886,34488.53952,416109.5867,49909.20617,120621.582,,,7084.138394,,,,20240.2164,,139074.0502,47405.13237,,,,4671026.747,137774.098,,,902440.4021,,36736.28493,,,,,,,36736.71034,67225.60367,103398.6355,26221.57386,1681703.734,13769.87199,,793999.1016,,114600.7271,99768.43137,655156.727,,353353.9112,,,73324.98606,403139.5818,604421.865,151812.1436,,75968.10081,,,58011,,,
55-80cm_C_5,,40328.4667,190682.7547,334298.0882,416822.6579,87547.46719,3049893.046,176351.1322,167589.7394,,168411.9709,,166230.5163,228274.2076,75593.06198,143698.7385,62351.44315,341731.6925,372752.0081,108618.1157,9032170.022,193826.716,89721.43992,425793.7051,189351.3322,209535.5345,1039342.798,61310.32017,766474.26,623516.5239,677462.9443,323581.1746,76797.64216,68261.35412,102519.4197,,478231.3842,68358.79836,25400.9104,224892.194,,1131477.811,48836.84191,2197684.84,556023.8553,43620.955,202280.1004,,209472.5686,204499.5093,181897.4829,283018.3667,,282763.9719,349392.4111,34846.55604,678924.0375,555724.7831,,281129.8873,599468.8106,,650114.1982,164288.6912,623162.2655,163305.9352,252038.3084,4463765.963,61305.6087,,204089.6164,616527.5608,1380245.415,826526.3108,140183.9297,822388.4302,256153.7165,,146522.2619,204180.7159,1284156.741,133562.9145,23657.64106,177733.5734,,324216.2101,187041.8614,48718.72051,206665.3891,94166.64291,,114052.2671,829373.704,38027.66176,741347.6464,1560949.659,14116.37991,27957769.17,200648.4946,6486626.423,32194.88558,69426.95184,184800.8342,47958.97828,501134.2816,,64706.76781,226257.3368,31699.79421,52680.84993,,19480.5807,,134788.2538,244166.2802,415021.4262,72188.91407,,,128331.701,31781.48463,83108.57546,131729.2496,207874.1249,28486.00343,449193.6188,308888.0754,,,27490.21203,10469.79183,1364810.437,,123698.1025,,,16738.76657,256452.8351,10728.8614,134387.1508,598845.7621,34772.63974,690155.7497,,273065.7437,19950.7028,607777.4128,499327.3608,142406.5851,261045.2753,,3374837,995332.6722,1030039.249,120387.7912,721168,15685.96984,115801.5123,,,137253.6389,,127631.0076,2145.219399,58885.42492,224092.3188,172197.0671,153542.8905,497883.597,82203.4395,,,,,112661.4697,1903923.666,,,144472.2858,36076.31868,484129.1968,42888.90499,156327.9175,,5200.031911,20503.39322,,6278.653005,15977.15821,26812.26982,,560449.3574,121223.2429,,,,4866351.953,125841.9277,,,1660658.561,,39041.60842,,,,,,8920.206903,53520.72086,113927.6119,537410.2158,29056.48838,,13031.52591,,939062.3038,,33172.03988,194067.0368,972272.2211,,601251.0581,,,226255.3189,1255177.386,879773.4004,371630.5497,,106705.6361,127089.8957,62321.85368,136909.2984,3096.735433,,89344.3471
55-80cm_C_6,,61541.72218,,638930.1431,508532.1662,1360494.039,3146683.118,241296.8623,159238.3177,,431269.633,196654.4982,155713.844,256101.8445,111251.6578,210716.9462,554294.0632,456220.2998,533329.2598,143496.4672,13293088.45,280084.9093,57201.9412,326545.0781,215636.4546,286399.2341,693443.0646,132234.3468,365415.8192,422264.2694,1050642.743,349781.7965,74325.36749,61218.77963,105050.8707,,685009.7163,72214.09871,39962.6977,379436.1556,,1800143.597,76042.7607,2840805.297,890385.343,69727.13886,271320.1018,,297319.6998,339840.5612,270340.3757,76981.72262,2878.636388,389029.7626,459384.6955,142513.347,651338.6697,834598.3083,,304153.6625,719692.4479,,6471381.299,194709.7021,215110.3716,133690.2089,13238.61528,4629763.263,,,194853.4912,678178.4579,1975345.838,252461.5765,128507.3248,829375.756,323646.1833,,159623.9544,154059.6734,1610536.653,126522.5605,49817.32052,326378.1943,,250737.5927,208535.2476,44218.01345,76099.76876,69334.60612,,187832.8992,715986.6038,21661.89463,1256378.921,2283752.988,42787.58404,33714804.87,287569.7133,8020470.467,35067.2025,78986.60884,257211.4828,193139.5733,334600.5086,,50056.56481,398310.0553,45567.93503,33109.05308,,44275.01158,,217082.366,353666.2535,1702776.808,117535.5339,,,162581.0575,41237.18894,139425.4149,442064.8581,323939.151,31605.99464,308707.4179,322946.2165,,,30123.90367,9260.441705,1783623.006,,,,,57351.42026,378893.6718,22521.32098,206669.8349,781554.0551,38422.59617,813046.5207,,751088.795,24140.83821,802527.9408,223395.8861,229234.9125,342842.8095,,211911.5159,1419139.777,,108489.5065,723908.423,30343.53679,120358.4647,,,159258.9138,,221158.3394,12757.65055,135648.805,653896.1704,366037.4873,128204.6857,800584.7414,258574.0194,,,,,260815.5297,1853465.098,,,222750.2944,38274.89445,247905.5601,37904.90653,144584.1271,,,,,25904.62932,30074.94197,43719.49498,,151832.4077,54507.79045,,,,7065071.021,195688.4041,,,2411022.571,,33886.98707,,,,1125788.765,,,36866.1317,341463.9001,582221.6815,40481.06002,,,,1033393.03,,29083.90632,171823.3684,1876915.17,,1201567.292,603570.3471,,424631.2706,2354181.671,1276305.209,516979.8369,,158580.1079,133972.155,53484.78147,86154.18622,,,37428.55827
55-80cm_U_1,,74818.08238,,69344.46398,736102.4155,,2761248.447,824619.1897,113987.4387,,55374.65225,113771.1482,252841.1717,237388.9884,99352.83723,228061.9017,52262.26997,130145.6829,49087.00364,128815.4742,11002576.77,174114.1198,,297660.3496,197700.0678,233134.2567,364353.2172,36012.36039,102824.0127,310881.9298,1095611.945,1265889.337,,155494.4437,84400.60938,,251797.8719,30705.23267,62163.99014,249773.5405,,693041.8837,61207.51824,2044050.919,105442.1884,52010.25936,533367.3057,,584617.8463,1020038.275,53085.35469,,,576374.3539,246673.0061,204079.6654,263524.2397,546498.2897,,305591.5321,1044125.87,,743841.1492,234137.3016,16011.44834,202834.9315,34134.37804,5097014.247,,883590.3355,1032360.179,776277.3238,1528385.348,101466.0858,39247.65701,835000,461700.4209,,171515.6941,469835.87,375726.2994,307062.0276,180790.6719,219123.6466,,,108162.989,41844.49066,,,,161144.9852,451967.6685,,585483.1347,841906.4408,,13151114.5,9683.736593,6159349.793,168.4814264,30705.23267,329793.8867,,331175.3958,,74778.66656,225062.8759,69027.3117,,,80288.96121,,88120.85242,305518.184,1712840.463,12710.53675,,,99185.8027,40827.27763,60274.28002,785981.6144,97598.1525,15298.05842,591853.1284,446026.4542,,,47569.17132,8820.272832,2313398.219,362134.5958,129129.2479,,,81615.60474,216215.755,47346.95127,106679.8055,592024.0214,37908.57569,586712.6802,,289875.9548,,809369.6863,247462.465,184541,238434.1798,,4044084.351,493975.4328,,48473.9336,1030608,60365.74298,214523.0897,,,63244.51605,,107610.0479,16724.96651,24201.78853,322742.3142,241418.0541,32040.77914,551431.504,54514.1265,,,,,431263.1828,1074610.747,,,236180.271,564678.0944,340849.6089,36618.90233,101961.1202,,,6779.851211,,,4101.841334,7959.459456,804597.7685,107377.9872,34363.62074,,,,2627990.819,51009.12478,,,1063392.818,789838.2877,33515.06991,,,,,,,29651.19123,77653.20398,103636.1517,,,17934.33595,,973529.5472,,26023.94845,151245.2653,,,675702.8085,,,280220.9236,895696.7185,425376.8708,218664.2335,,,,,,,,
55-80cm_U_2,,74382.18683,170430.548,90240.12249,143506.9276,133362.28,3364839.595,179719.8519,135595.3637,,69367.66525,7828.920921,283232.4286,260992.5633,187649.2254,277582.9567,57737.59356,349889.0248,209512.1072,131918.5488,10540115.89,331231.7171,23558.1896,502834.1147,524691.4968,227763.0783,628758.119,139868.1883,469626.693,,427634.5646,779898,50590.7473,95234.01835,108722.7362,,482977.2408,83076.46684,108198.2373,193935,,786114.6031,46382.63505,2162590.4,236188.6166,44838.01594,340417.3311,,170048.0348,242752.1494,469755.6282,133587.6362,,333141.4463,297957.2079,41366.71162,517759.071,630425.3006,,240975.3127,187445.6499,,450016.87,297418.5606,41583.9574,362885.3097,169046.3479,3975379.347,118194.1675,,131112.4629,576362.8827,1476772.903,158310.3488,183437.8158,382496.9692,328153.7274,,163261.2188,172420.6082,1238157.635,27396.6069,55323.38517,350756.0711,,92290.51682,229212.0503,41202.02787,,91406.40549,,410326.0671,582153.3053,12356.52079,1105561.613,747908.6284,26248.1389,25737663.74,20609.22902,4558902.869,,89989.07249,249118.8251,68654.60487,384258.9002,,8911.855402,226511.4311,,24220.82359,,4716.106255,,243051.8368,182193.1081,253629.4299,119014.9376,,,108020.2955,40789.4516,111017.3832,122003.5327,261929.5016,60139.0141,249881.4714,512280.7882,,,38861.093,3073.455451,1432737.142,,219970.9111,,,84161.2213,106306.2446,23699.29282,129782.405,596057.9112,50857.88586,347639.6264,,367400.3258,,659781.4685,215126.1487,171568.1314,85507.92125,,150629.885,504032.5905,,78926.37791,917894.1026,25448.2438,118849.3084,,,300942.3697,,520174.6975,10102.43403,64383.33957,57491.92301,98256.43402,128660.9581,440744.8194,86160.62481,,,,,122793,885680.7461,,,12385.76254,114103.7685,361609.4991,40246.86869,346788.4089,,2952.809738,20829.24422,,7100,82715.41532,21233.08305,751118.4358,209758.7321,71373.6713,,,,2682781.204,66922.44168,,,1146382.269,841670.6726,38213.18648,8511.791594,8464.44095,,,,26742.66876,38425.18175,217559.1874,580773.8489,,,27025.19602,,846096.5257,,47414.6259,192100.473,181454.7155,,793103.0817,,,294096.3076,668812.8321,843111.7792,340769.1242,,,,42085.09408,76224.59425,,,
55-80cm_U_3,,191258.7826,1899691.165,806708.9905,205895.5605,840484.6138,4265257.29,282875.0073,234218.2768,,15419.46119,30733.11384,328547.389,204887,276924.8634,126043.6333,99393.66548,469479.771,217911.5479,91244.48134,29914863.96,222144.0913,138559.8619,744172.1566,160624.5832,347767.2268,2195972.175,111817.7603,2172399.308,106430.3441,1179935.609,1483410.581,577153.0133,111699.5432,293408.0887,1584472.749,1262189.235,177677.647,291419.6153,254211.1963,,41706.62305,34974.08038,265992.2039,32958.10671,274240.1587,354306.8116,,72672.43646,229392.8786,2036103.836,1506388.972,29346.46318,550284.1614,142190.1062,73361.9019,470894.7927,811419.2001,,305346.1577,272009.09,,1595856.103,103734.8514,1303192.873,624457.2052,1312287.684,7227819.823,658823.1278,,61969.20761,295701.2324,1445388.147,1916894.62,122266.0343,532387.3754,331609.1954,,246294.2234,50825.34928,473838.091,25326.89217,441827.6956,532364.0155,,809911.1714,408579.6292,67762.5849,380629.1501,648442.592,,520098.8779,1540693.632,349394.6426,1625031.538,1410116.627,36520.87835,30557177.84,29280.25161,7108949.209,541451.785,226791.1419,306862.7305,324475.3151,688324.5156,252133.5743,11638.62346,129794.2845,,216558.9128,,46443.89849,,872625.8344,87650.37641,487355.9211,2097736,,,150162.7881,41679.93779,110353.8508,236012.653,131749.8695,,98489.68567,415299.0518,,,50680.34735,,3534428.812,,213125.0961,,,70221.37973,344410.2243,9650.923851,214284.2723,667149.4218,83569.24357,735492.0177,,468417.6584,12293.70019,755776.1606,105352.0286,290683.0261,1256422.893,,199885.0831,726500.5486,806400.8365,178725.6479,353807.8781,50175.00298,149068.2736,,,344980.7415,,387565.5039,16796.13867,99406.78171,937508.6005,483318.2799,173220.4723,172841.0064,443488.1475,,,,,135188.4464,589107.7499,,,220540.8896,303022.1889,107937.3054,25126.25116,181781.3489,14564.41319,22174.78337,37756.20159,,25316.43657,37549.95689,,1013333.462,520309.73,145747.4999,,,,495139.2558,104066.614,16423.84788,,1579660.638,1034286.387,33932.94366,24079.30846,,,244813.438,,149653.7768,123359.9986,19301.9064,512679.4877,29968.55285,1608146.787,16410.0104,,1013178.548,,57314.34598,244605.6271,1057920.55,,330252.0287,,,929429.5557,603225.3274,1290557.595,490503.854,,226483.8651,222840.5845,1348576.889,1761054.213,74146.9229,,174553.1202
55-80cm_U_4,,102511.1227,,468792.139,754159.3727,159481.1537,2887331.197,238729.387,108599.2355,,43067.24829,,251302.0298,189647.951,140726.8554,226683.1569,38153.08047,183012.0475,212435.4388,97180.22838,8506421.619,157124.5653,47871.17014,2757839.558,208527.4743,244301.6153,498132.797,30911.57901,120743.436,255006.7581,740850.1162,343897.6786,54187.18281,39626.39845,152781.1278,,408619.7273,49070.48571,95540.22263,244717.8509,,802350.0691,62491.85646,2236943.077,143546.467,51413.07807,162472.8343,,64892.96926,167415.4586,130766.7195,28555.86984,,318583.7402,230567.6935,92676.56457,420850.8791,621496.137,,361160.8567,1490590.202,,3824852.555,262120.4161,101453.8862,165781.3766,147031.4819,4394692.859,51396.8687,,101801.3011,326671.3207,1450220.015,120929.4091,182944.4524,179690.1698,347037.3348,,128857.0006,158806.9473,1204800.963,185171.8805,241182.855,198412.215,,,171143.6111,50151.28617,,,,372606.8627,471777.4525,38256.43936,980032.2567,949998.7779,,15749597.03,85489.64279,5376956.803,132468.1763,67897.34681,158533.4561,,278484.2202,,56462.71942,260020.9046,10304.20909,,,28910.05819,,70657.87989,146614.4082,709573.5583,179078,,,155214.0694,32934.7754,56738.98084,363367.3479,243516.9472,133091.6827,331212.5875,317946.8081,,,54589.11777,28811.63739,2182625.321,,,,,135765.4227,483112.9747,34007.43238,93393.40446,608442.2506,18077.99814,333605.5273,,418184.7714,12172.91724,595433.8085,1027869,168333.4775,204710.0531,,125393.8489,741524.9194,,15155.01313,470404.7156,27916.61424,98650.07758,,,717570.1421,,141179.7419,23731.8346,28918.79968,702693.9298,459565.2754,47245.07171,904280.2471,255740.6648,,,,,135942.2894,1236095.265,,,55383.53674,532284.8751,425742.2951,36058.55147,101092.4557,,,,,,18744.89373,25088.14648,,145319.0198,50705.92291,,,,2525809.254,75603.01567,,,1234841.162,947954.6927,53640.77334,,,,513137.2122,,,32333.86027,59744.1481,71414.92436,,997678.6999,25882.56079,,1057329.271,,36175.48093,206666.4538,232230.4466,,773920.0369,,,412713.952,1238853.248,728691.6416,344928.6997,,105227.6804,152563.4232,29730.64309,,,,
55-80cm_U_5,,19152.88937,55992.58137,43828.9392,110373.0955,57297.66518,1794121.004,188784.2478,158807.2111,,101095.7391,140029.4646,261507.215,210456.8829,73574.30704,146497.5761,351041.6868,236901.0613,454927.2009,,6995924.065,138300.8948,29552.1463,205495.0208,124134.119,159795.4586,371411.9814,89636.72013,312797.0298,79434.56594,672795.6622,288383.1102,26923.051,,128864.6975,,347252.16,43421.86172,55912.72525,146988.8359,,544588.822,44656.24004,1520060.069,264630.2084,48932.04757,255745.031,,170283.5511,264014.5848,109177.309,68578.24933,,250950.7115,249632.442,58124.38082,438984.617,768405.8124,,200302.8752,263745.6974,,540346.0192,254268.9045,76573.08723,58816.63928,103006.2507,4597669.275,,,76678.84465,219229.0234,1564200.153,133079.3511,124579.584,147377.5382,25669.03425,,127844.8398,112733.1791,760324.0206,114231.9611,29187.94302,161249.1352,98399.25871,31440.98054,434952.3707,37863.0065,,41348.35353,,111484.8337,706340.0577,,385610.4718,1163497.308,,18390565.8,10748.48607,4348064.28,108302.205,43421.86172,185654.9701,8407.452152,467880.6383,,18752.41746,160430.2968,35543.11841,12400.30896,,25947.61214,,153779.9156,123447.054,879719.2068,146623.262,,,95844.35805,33119.87405,10939.81624,327069.1208,95348.27534,35220.53566,185645.1055,286214.1319,,,31820.38339,7254.326213,1661677.318,,,,,36916.96955,478132.8706,29222.24164,118181.6793,528872.8544,6114.775786,505973.8187,,342053.4082,,688132.2963,206096.0213,162768,397415.1828,,226530.3709,1136698.224,,171502.2722,483977.4734,12619.21632,119352.3095,,,365373.945,,242554.3839,21452.40507,13599.9221,409821.6873,271163.4077,18387.59921,429219.6132,377102.0021,,,,,159628.4429,135825.2614,,,157560.3528,290087.383,295798.277,28698.75446,114548.2676,,,,,,7418,,,109422.1635,43620.83105,,,,665472.9593,,,,461331.8681,,41133.46355,,,,60021.46538,,,25166.25198,23692.97341,,,,20058.63152,,765162.2247,,66745.6424,112724.6931,,,350732.8025,,,251333.6687,583743.9953,438276.7683,363549.7976,,,89154.09301,,38555,,,
55-80cm_U_6,,46979.4935,642969.2801,,114787.0209,131601.2444,2242758.175,469817.608,187693.2969,,48998.52217,,391478.9301,46910.08674,100247.1181,59757.75778,64539.05222,190964.5202,272284.6887,104302.3065,9733547.507,208504.3192,81135.95293,283518.2961,99374.23639,206159.5853,858041.2357,59843.0926,717185.2969,154139.3827,562122.1753,668814.6862,75606.14601,40457.67573,74369.20459,1547063.098,262017.0366,45829.10098,199920.5379,273772.7648,,487688.5329,29555.8754,361910.3864,100008.4913,74898.6753,208471.2106,,30295.77987,214081.2629,577162.88,313274.9468,,151948.286,305530.7438,18811.3257,433385.9466,545709.0206,,102352.9741,281083.4349,,517776.8211,421003.7964,253540.4628,177273.9094,96003.61218,5388582.663,37429.39498,,30734.25254,93972.40431,1065296.926,432280.5556,47685.26271,79998.05177,129798.0852,,143681.032,83771.22124,94596.27454,18982.98088,14923.43117,196581.7593,,137236.9466,185715.0596,54382.23706,,152944.2349,,161039.4696,623071.7878,13285.9959,84447.69925,534893.4146,34099.45095,19797770.45,,4166847.43,141259.5305,61844.26141,241670.3498,107983.0916,525691.3546,,15051.72529,95610.50744,,51980.79994,,37497.99807,,57019.42519,104449.2136,1138815.061,759093.0904,,,95661.28276,24601.15361,11032.0202,295970.13,70321.83984,5759.12388,418979.8265,452933.4484,,,13915.22078,10628.03652,1860593.562,,130112.4631,,,28125.74408,315600,9976.449531,114995.6877,517747.8141,57450.19759,482582.2556,,297661.3441,,610304.0444,118551.9566,151615.0558,389548.2027,,130681.2444,676175.9328,,101768.0085,407848.9147,24106.43617,165230.5758,,,128660.2536,,243084.632,18594.07826,36276.56484,243395.2257,153178.3185,110116.146,99160.56732,162691.4729,,,,,91036.99863,420680.1493,,,33581.92383,271886.8502,71946.30617,,105501.7974,,,,,196.8788962,5745.459064,,,604842.7958,226760.9988,,,,888031.9529,,,,773220.9033,,46881.48517,10629.40776,12673.77034,,,,28445.29842,53643.16328,10616.1223,59448.13267,,,30717.86401,,1142960.932,,48548.46672,254007.8715,,,609603.6781,,,362897.9664,355018.672,763092.1131,299494.6225,,61811.32589,97812.09814,129146.3179,203377.7808,,,
0-20cm_C_1,,739048.3157,38813.33648,869724.7405,1899298.97,409464.4451,5042018.308,236582.8001,958297.0804,367590.8619,22675126.3,24337518.64,197679.9461,361009.6363,2608134.18,6174489.738,1235467.754,5829794.043,984815.7007,1083130.794,136461286.7,2881470.121,269821.8003,3837059.295,1958043.607,1453030.125,535359.94,4150780.531,1148887.865,3020055.607,2809192.584,1287083.358,316861.1415,1721822.37,4594744.698,,2394575.204,867244.3236,1356162.945,394406.2555,,743501.796,71445.24217,853350.9388,171352.5655,1667467.934,79323,349710.6113,232268,502494.6296,939553.9151,220751.8339,1362349.028,4069290.422,149915.3635,152511.1792,1036425.771,3954298.406,,584602.9311,4065770.978,,12851603.01,687268.3287,687118.0976,14867320.1,4956025.652,10145222.19,73319.35437,,165791.954,541141.0947,2558246.895,325408.6979,234010.3886,1917316,570987.7177,,256184.2336,108221.5989,3632049.64,413773.8624,1403200.144,1190866.954,23427.57989,1232394.048,3495164.077,968947.3111,,65744.17618,132748.4031,1055171.776,1683147.95,198646.2985,11715557.52,32766312.44,1082010.715,196230913.8,2755949.154,7365976.984,710855.1484,8154878.254,1766501.667,,892632.1383,336489.0297,,245367.4107,1067280.463,110149.258,,6664902.977,150719.5238,549768.8504,1379867.376,407946.7464,37280950.81,52999.88552,3491623.613,337309.7533,646305.7754,45051.935,1270631.88,700514.8673,90934.62378,153596.3021,520648.1208,,800204.7484,421581.0197,446042.3557,5653119.184,,299498.5323,,1170680.309,1071863.049,991659.5148,330321.4986,790352.9934,2378727.976,666641.2293,2441884.314,1194658.591,1166801.316,938539.7693,3069790.805,3585366,2508751.685,417033.3787,357938.6266,49392320.33,2021094.505,,428591.9752,713312.2236,3577912.338,317864.6403,,,7096952.148,,3098871.168,3559855.123,238699.7226,512752.5607,539920.1941,316038.9891,3736153.103,4882231.244,,,75045.50277,,322313.3103,1737703.019,,,330696.5053,3186284.847,313171.3292,2325397.163,470643.9593,72130.93004,270906.1995,1222114.681,1610020.747,380561.2994,923933.872,129438.9853,,3104295.623,204043.4503,260448.3693,1311306.542,,1164785.77,1696923.053,651025.6089,1794630.215,3750880.99,,343227.2721,1334195.328,1283467.387,950034.8419,1282705.882,,134223.8455,759336.0345,70774.10625,3084051.18,3197857.032,,1497435.2,,1959589.793,449886.1671,940455.4759,925959.8133,1827742.728,345958.7653,738916.9841,,39889.50794,35934.08544,1348040.295,583465.5531,616851.1522,512597.1094,372818.5391,487733.2066,3477378.988,152725.9258,1634260.926,448486.0073,1846903.793
0-20cm_C_2,1776373.79,883625.8514,317164.2053,1436184.277,1590658.81,1727083.966,3947414.26,519232.9671,727006.0842,506629.9311,22366611.97,18593986.02,1588684.594,314367.0873,2078383.872,6962187.782,1097412.275,8053360.645,919561.7894,536681.7428,116621143.3,2494749.086,366022.4285,3046033.022,1656054.589,1406108.727,334522.4844,3850232.11,320515.0444,11203683.77,4029248.907,508160.7831,313232.3854,1651891.094,4672797.894,,2548741.416,761970.3184,7807484.362,3162667.338,562028.9774,8552489.262,4932307.744,12837440.92,1454288.207,1312060.774,672963.9904,1749884.288,3785972.626,3277343.124,3214930.208,123940.9899,1092166.585,5463639.182,1503093.4,6145205.29,1034318.266,15640126.69,,1862679.988,3451795.237,,612134.7141,1074826.625,1091766.887,33686185.33,3306465.308,6066001.99,2956649.861,,1757564.616,9630784.436,4432550.662,371351.216,2140385.649,1289815.747,568286.3881,566376.6879,831588.9723,2428227.986,2718916.33,1531817.494,1168145.514,1187953.213,2062471.981,311601.2843,99038.09692,1101187.656,270214.7866,75538.90501,187922.8061,4155420.106,1358328.932,549942.0795,8674802.865,31688998.24,1040771.113,209438294,1973281.234,9606568.559,993418.5836,13028327.11,2199233.183,,957753.1263,452362.4474,1853895.58,1543126.594,2396097.817,135241.6263,,5474753.033,205358.2697,332473.6126,1756381.64,1376254.041,35833872.51,145369.5774,,303922.0286,869862.8886,131257.3439,2412673,1747555.648,5412267.433,687137.2815,563390.0341,,920314.025,4430438.747,271227.5002,6091036.118,,1715257.857,1224874.255,1224707.735,1058471.756,852473.4823,773603.3083,657325.756,2625017.808,859648.3801,2744616.872,,3402097.823,863443.4391,1293277.247,2347780,1687447.271,1346070.559,1463232.548,42218298.45,1533013.752,,1187983.723,7716945.251,3693255.963,285318.2424,,2889338.593,6848062.219,,2494506.841,3183090.425,481170.9267,522722.1948,522307.7192,1293428.995,3401905.087,3139916.172,,,497270.7571,4841647.659,20289153.77,11345080.33,1188450.374,,350857.3336,1959279.226,622118.2939,1795858.917,706700.1168,2474103.258,357040.6863,1336310.274,491424.9365,301980.23,1148803.34,782370.3383,,4240455.296,129420.4603,200365.7848,,1928815.258,2376779.12,2179334.361,668497.7529,1825624.002,2008994.703,,476043.6038,1285494.094,669058.8348,924981.9684,1741729.512,,3157391.049,1338140.351,1572693.831,3986730.797,3185094.726,,1028563.551,,1689223.35,632423.3247,1217123.723,885263.7932,2121102.816,474148.2655,4468645.819,2018443.934,1595849.304,367200.8307,4620585.291,337184.6333,298525.6203,223181.0701,433078.2509,352097.8062,3139646.365,112768.7413,2953576.218,741585.8502,2106484.463
0-20cm_C_3,502739.0663,855613.6887,161196.8924,1057903.669,1722961.376,94838.51977,4567988.215,545977.3967,847505.2567,,22398046.39,22523179.47,686158.2913,306571.9598,2642075.377,9626223.051,1494037.159,10068355.92,875775.4434,734817.2576,135011788.6,2500469.304,163058.9163,3455370.703,1843197.062,1681350.304,524830.0906,4793551.203,204727.4985,4332875.869,10733834.37,1143101.919,313422.1709,1366382.534,2520267.76,435987.7899,244395,846502.1875,21729509.61,832857.4572,,3665495.301,1176589.691,3129085.965,510453.0482,647245.2109,617090.0183,1848259.261,262122.6105,1928403.529,530929.8572,69302.86759,1998305.847,5733625.54,695698.8201,1675779.638,1109311.315,6659691.659,17086910.16,1138598.727,4185579.351,,11328865.45,155744.947,291388.6952,12192960.38,3314180.824,5618733.807,407322.7116,,921964.7297,2047615.937,3837830.047,306255.2247,2474466.672,3514163.8,607323.3476,,574537.0955,894243.4242,4329289,2318728.729,777730.0911,1766950.216,290769.353,2368013.676,1381398.146,1379021.993,,80349.70641,175829.3462,694812.2555,1370576.806,122500.4335,9153093.93,35350611.23,1569279.816,238262909.7,2505897.508,4974168.838,933631.7317,16561743.23,2320081.113,24843.1421,1057558.222,,3469236.652,778888.2221,2381878.238,34957.06798,,10545673.81,,365291.7096,1782574.679,855886.7223,1845028.008,594206.9815,4391391.123,329216.8608,1078724.131,219170.8297,3125793,2216954.5,611940.1832,417991.0626,157812.9241,,1005582.087,2350940.671,478269.7732,7758506.193,,329051.012,,1917946.717,1154152.48,629036.4584,843777.2023,1048294.777,2796189.03,2406399.289,2955762.061,1390772.276,2907175.631,876285.8394,2490170.77,3189538,2333584.95,,1514728.917,53319295.16,2711994.07,,2376495.861,3714688.354,4982035.553,350272.6589,1176386.701,2632668.291,8779173.553,,5970238.679,10991012.5,799294.4999,344617.8449,432502.3102,2251543.367,2777033.823,4371664.579,1204167.736,526378.2645,,1316154.413,4750867.603,3136581.308,2865246.753,,490376.0408,3320621.707,357706.202,2135734.836,1268104.267,699384.8462,357973.3342,1054325.587,,237132.9258,1342125.06,283346.9747,,4970125.158,257055.4372,,3144601.57,,936018.2369,2619939.308,889238.3209,,4467067.183,,277027.8962,1717313.624,953012.0954,1322233.867,1598987.107,3497003.873,723005.3833,1400251.821,575964.6406,1766108.042,4099774.419,,273530.8912,3962851.422,2764539.187,700821.4744,1436101.239,1098206.199,4105911.613,564277.7011,5849449.177,,453071.8,23471.38355,201268.5699,67241.53552,1477492.485,678429.9124,319300.2768,521897.3427,4150269.414,87136.11152,2595711.72,483385.147,2620767.276
0-20cm_C_4,2867158.117,931633.8968,253947.5845,1300455.067,1136510.698,2831561.239,4668437.987,785042.3103,1201983.391,386572.9838,26142978.09,5246445.978,2782759.663,389518.1426,483775.7963,19895454.33,2553432.76,3725830.293,1204626.865,687239.7876,133859977.4,2511548.349,257129.4262,3530038.474,2092728.357,2223663.564,561009.9665,4831802.271,146716.276,7860607.805,14764222.85,809528.8163,170080.751,1350232.639,3103047.099,,267815,883152.3095,25179479.16,4589570.257,1823091.574,13339869.12,19135771.9,31423055.59,2031941.435,1149438.171,2421959.251,2692801.752,7116283.229,6594401.497,3338315.83,46481.66079,2113679.185,8738420.793,2444974.94,6806192.84,1313769.938,10511457.98,19884049.02,2009086.585,2451483.423,2775174.545,12109682.29,742637.13,257860.5619,37092537.84,2831434.149,6757681.658,5697372.488,,6096900.529,8191066.793,6718687.274,86942.85372,5632669.883,29907586.82,889543.9301,661931.0581,1154765.717,3585729.625,3594744.331,3394636.144,1712438.918,1664216.702,2486778.755,2528254.913,2848202.096,1631901.154,142093.9525,15234.12758,247562.8969,4402270.931,603633.413,79620.79446,8881699.052,40677305.67,2540433.24,257505386.5,2677019.927,4522586.553,1401480.7,16965164.87,4341020.247,,936401.9066,232682.8544,8246637.324,2928977.479,2045387.319,32183.14515,,9575611.012,199843.7865,357738.532,2323045.327,2737542.218,44134177.53,107966.3284,4113198.945,296185.9764,1238260.402,1354988.792,3559412,2438879.919,4750278.004,1165793.144,186815,,1058346.274,2186901.423,326505.2747,8484455.866,1797888.092,569375.0513,,1919414.833,1164512.342,1754163.805,818781.3223,783692.0505,4194386.786,1818524.976,4501443.603,734703.5747,3593422.664,1231200.891,5705232.842,3985836.498,2176802.747,790035.2687,902777.8839,50555547,3022899.542,,1255727.249,2722443.264,5058826.532,210928.9124,571717.0211,,3319307.499,807193.7282,3273870.689,1449246.968,431731.0556,2704187.485,1060070.792,2893586.289,5229521.87,4781042.845,1088822.438,1100386.585,,3778508.441,17502073.33,30728970.41,1124289.098,,900449.1434,2508478.763,1652662.626,2695785.951,544576.0875,2213096.193,647025.7863,930825.4897,,244015.5784,3678471.859,884457.7572,,5350183.362,137210.8623,179940.1257,3425103.848,,5088199.174,2839544.86,726559.706,,6466679.087,,1089336.426,2105956.988,1132806.932,964491.4992,2016100.688,4325185.985,4316088.898,1955606.752,2590269.278,3443856.177,3267753.95,,326044.6602,2917500.364,3015721.768,518593.6764,1654733.382,1027287.967,3250094.046,763542.4944,7595810.486,2709410.741,3373390.549,332356.737,4222094.521,1254856.165,3243123.041,877130.2112,517978.3281,513885.3407,2360035.058,59260.12075,956426.0401,,2730583.128
0-20cm_C_5,3469555.882,1340259.471,301577.6882,1453466.9,607746.7539,3425364.793,4124690.714,1266793.765,2140029.932,,32204961.05,29453992.97,2466226.606,197952.1419,1234913.704,14727929.93,1356970.015,3463850.06,911088.2286,752683.4516,121390038.7,2836475.137,280641.3835,2673951.457,2304513.434,2160953.889,515104.1782,5300145.996,467257.2622,6266434.753,21378467.9,2367785.858,120067.1834,654975.0142,1821058.519,47917.54155,230829,1027786.903,22213061.29,5467324.399,2474022.59,11159426.41,20558855.23,34488872.54,2017818.409,563439.0978,3185992,3557382.076,9040055.642,7427363.704,1503731.072,,1637436.351,7036047.142,3727740.613,32007400.48,1516941.425,59131533.24,20119512.26,2766170.15,2361538.419,1009551.263,7552178.617,317239.7078,395057.8477,61861710.46,20587355.95,6741663.781,4967900.855,6066307.63,7830476.211,10119781.25,14153064.23,121584.5421,31124484.76,6435311.897,1347483.468,638250.8591,2271980.459,4024274.86,29875648.28,28998630.51,1152151.301,3435874.539,4531721.224,3605093.809,4119139.11,1395630.463,265922.3894,40765.49305,1215594.308,4296335.095,844258.4372,13587.82139,5242074.776,40222895.47,2174500.945,254813418.5,2600708.387,3756964.756,1229715.534,26751527.39,3392461.162,36959.21499,796128.7346,,5507931.853,3918064.041,580934.3505,40788.79336,472759.9185,9643896.383,4626168.778,37578.35587,2295523.036,3003965.476,530135.7967,,3589954.599,521169.4551,1529551.065,1081994.873,11463752,4088346.19,2906071.436,872371.2751,258832.8487,,1924680.965,3848317.176,399874.9018,10944497.05,2547889.96,673207.0741,3578421.6,,1739630.063,2038071.665,877758.6804,1233136.604,4236885.29,2774599.229,3413784.742,1285646.68,3805076.939,1886575.97,6561885.624,4725927.854,3247474.024,1603054.1,1209270.385,68459376,3173387.63,,1527311.152,15799146.3,8651165.684,538572.1252,880613.4122,,12226598.51,,4520063.914,1117511.926,1572281.825,767527.3547,783517.6791,2854180.227,7916203.614,18544597.27,2687279.386,,4999721.129,,88458802.31,6752254.318,6703276.677,,2540498.211,2431249.878,1806118.301,3763977.46,700629.3176,455732.3575,1015457.339,872001.7627,1646402.351,150931.5053,1434118.701,1062523.134,,6054206.425,117565.1265,84927.76298,,1832224.882,4978477.526,5383947.605,1398122.636,,4936957.992,,1123313.312,2269421.963,1573588.154,1682191.596,1762171.688,6803177.922,1799950.027,2489833.654,3284185.891,2536412.487,2195394.207,,851738.6062,8001517.759,6148545.87,1709667.534,2098384.703,2727865.364,3558211.36,933723.7049,7355968.508,,3440129.097,927730.6972,4540186.242,504575.3894,2150767.279,555811.3091,514958.5071,473082.1583,510613.5032,17510.87981,3549776.623,1134183.056,5247980.39
0-20cm_C_6,1804258.411,568588.6984,17232.83133,1023464.421,,190998.8467,4075503.869,271624.3188,786019.6443,350341.5282,9271691.407,1944200.979,2799757.8,313269.4235,161570.4142,13287588.14,731778.8558,3665218.998,347605.2012,542082.2616,103058542.7,1287424.439,173999.6693,1597279.923,837602.9896,1580996.558,290109.701,3191438.909,350991.7717,3585515.572,6064877.308,964315.2596,32100.26272,491029.8918,1570136.022,660932.3414,173892,574582.0926,14372108.04,2463434.588,936526.1687,6610825,16414037.2,32714834.85,6829670.847,1011336.112,791385.7533,1896700.439,9828656.499,4333068.567,2007054.19,24364.91183,1455083.973,5722539.118,1824083.303,9893377.602,1217533.822,22514358.97,17299590.69,1491863.64,154219.7384,3310626.218,6008327.072,96368.24065,1098270.501,1366298.061,1213293.509,44202608.88,2806641.871,5000694.562,5746762.27,6816186.344,11303003.23,167101.9963,4129947.42,624590.7289,666435.3615,1891514.719,1542626.639,3640797.951,3115565.427,3124323.156,788603.4493,1129708.577,3489554.932,1562052.333,1883565.824,1345568.4,135505.7561,36899.32694,,2941484.91,557860.39,72874.41264,5209787.414,21879078.94,1070592.946,198975115.8,1542160.486,4595394.65,34888.25049,7910504.016,2223744.063,,638340.5933,,4366442.089,1763755.307,915281.7812,59818.09405,,8499416.069,,186916.4339,2131356.861,2177589.714,1448815.619,488681.3705,2954892.259,304617.6706,777231.3022,132680.4452,842007,1258741.191,258136.2008,1000583.367,152562.0928,1991277.261,,2249196.061,534247.232,5964563.471,1678136.211,808255.5947,,800829.3399,542643.5487,452915.7133,687079.4318,359532.5626,718960,1219707.083,1400012.229,333667.4477,4871231,957807.3241,2371329.427,3149391,1906610.984,705521.7489,,38488084,1446419.423,,727382.0435,1202644.422,2594009.999,381298.0003,,,2541242.255,,2149200.711,554574.5808,1178234.05,324418.431,481566.6061,1621303.592,1649840.745,1498944.707,,861662.5273,2211105.454,3884189.084,32310391.63,3040539.651,857650.5464,,2816367.524,1445915.695,983340.1645,1582246.567,623307.7193,927052.4144,483080.4215,509145.428,411737.0602,119347.6685,1709239.252,519485.1792,,1354670.519,156605.9018,,,571451.5999,541785.7998,1860998.235,472703.4503,,1891425.341,,383595.7794,758100.0292,798393.575,416875.2084,979728.2157,2692835.24,1850581.385,1091269.202,1657031.858,2034694.77,1681685.56,,50333.761,3879839.368,1072560.572,547365.1309,727928.6484,553838.7231,1850441.789,340319.4969,6264351.022,2403906.909,1488250.272,778213.5562,4130063.086,292467.4061,640221.8528,134843.863,454336.5492,303111.6148,463589.0937,2503.846286,1633022.058,637415.9991,2072030.378
0-20cm_U_1,,518887.8716,100773.5385,943669.6396,867751.2275,194026.4685,5114329.655,278360.1342,405284.3912,,27139592.94,18958570.42,210348.2871,318588.5598,2842807.494,5775742.377,1240764.355,20732937.78,1499460.324,633396.0462,122064965.2,2453455.291,248754.5464,4128023.603,1625000.774,1373641.261,553407.6323,2739092.708,242715.6445,3071252.615,4705573.305,723817.1927,237675.0213,1269399.863,4268230.709,,5367664.018,1012605.156,6786410.178,409884.1634,,562670.2295,99881.79851,516386.9217,170550.2994,1122997.325,337377.1328,,215589.4923,245713.9162,1147674.555,34774.17276,1233588.226,3896329.706,141556.2737,170890.9836,717136.2971,4309517.76,,626888.3787,2154295.537,,11894244.48,445604.4403,349078.6713,25168243.07,4817959.233,4126466.948,,,89961.97281,1032079.023,6324133.269,215787.3842,122775.6168,10753646.98,411110.091,,480886.5733,148859.0059,3743136.441,436426.4373,1118921.413,1153199.125,17260.33444,907297.3849,1890895.873,1148122.278,477548.3811,31676.63064,365828.5673,284081.9606,1262296.281,121722.567,8880815.035,29362413.15,1374319.974,227401298.1,1720821.566,3811677.508,973673.4323,9809955.235,1881340.233,,623185.4469,353734.6984,1086344.015,230509.0573,1674374.103,2235.257006,,5465300.702,527495.7605,507265.33,1433015.077,334756.739,34435140.34,,,336560.9971,407316.5229,93359.42154,1762748,1210151.461,6727589.443,139236,102008.4866,,339654.5928,1173281.094,169453.1516,5427716.125,316296.5691,124447.6754,,,987342.7219,740588.5084,823830.5668,804204.3527,2420934.237,1107734.902,991264.851,,1980319.374,1195926.355,8147551.833,1632975,1202937.806,456626.5986,291906.3944,45617698.39,1761421.365,,483621.8124,85550.01073,3226505.805,787541.8577,,,6918760.225,547678.0612,4471104.232,5594057.526,372907.1465,402774.0373,452820.7229,2178710.648,2946730.372,3395168.194,,,387385.1784,,392656.1353,12666505,,,216556.2604,2399162.848,234964.5828,1053678.973,456671.9079,1688112.516,251206.067,1229207.474,259583.2403,245421.6079,1302333.882,149792.2919,,3428220.858,374418.7237,459531.7823,1160735.65,,655191.7924,1686573.684,354129.4794,3436009.447,2387499.652,,464221.6073,1129995.483,3058407.88,475086.5416,586808.853,,201147.6304,661625.1327,106080.513,1416272.491,1843404.433,,961870.9479,,517676.63,327935.1536,445782.3976,256801.8777,2106658.901,410320.8938,982642.5355,,111113.9001,1720613.214,1280212.963,313482.3432,777305.8192,520107.9931,324905.122,559601.4049,2457710.475,,1455084.801,186529.8339,370877.7383
0-20cm_U_2,1574844.733,938883.0892,300796.7607,1101385.168,1737906.825,825377.2541,4621301.534,835274.3947,915941.1787,415928.3498,25571391.54,10898465.72,654525.2874,398048.8506,2299865.35,5653227.957,142877.0231,24703374.85,1299571.191,851996.0718,118804034.2,2203925.353,267792.2154,3350030.229,1730086.362,1149471.009,453634.0111,2979664.094,380092.4649,3690152.253,2376699.106,1108058.354,160303.2538,1533152.337,3794651.434,,5827234.109,546368.7621,1218791.797,3040507.379,751676.275,7399058.258,2670593.17,16036497.6,1808980.002,690235.461,1792120.69,1357897.103,2891043.05,3704943.499,612854.4203,101158.0397,1492607.833,5311082.182,1563247.381,1291281.517,880456.9601,6848458.037,15588327.87,870549.9268,2437170.411,811714.1722,10586491.84,745665.6002,340207.1041,31171002.29,2288711.075,5463558.995,2768974.706,1004567.449,1803094.792,2096851.754,4463298.009,291628.4032,1095429.881,9530063.669,477962.6871,,1293322.817,1282856.366,4172662.722,1699920.103,981584.3383,1194545.246,1385664.731,1566889.483,3223517.495,1676187.58,275639.9458,63399.67903,,2677341.651,1246076.898,232671.5406,6423812.999,31047549.98,1502770.433,200104117.8,1592868.154,6057808.34,444136.0504,15208375.18,2041400.919,56166.94415,952293.1067,211537.4526,1581864.661,1652207.228,1814549.959,58904.45803,,7899720.527,,434723.0623,2538305.746,967741.5899,35661911.34,686426.805,,272706.2099,422873.7065,546378.2074,5384561,4184335.642,1744009.071,885194.2522,240085.6156,1756306.88,,2105816.013,118696.8793,4769441.24,,142342.7099,,,900725.7856,1146572.115,559031.8183,795281.7483,2337470.55,842216.3756,2466597.094,,2434246.235,1016770.766,2463911.731,2605133,1854548.01,173812.8661,622176.8915,43331957,2532913.027,,527979.9008,5370456.843,3303030.984,76515.24183,507825.4423,1836782.458,4766922.94,408808.32,4491867.941,7980534.811,264426.283,340162.7798,404734.7105,2682205.376,5565997.784,5052923.263,,420813.2687,535362.3062,,3403230.656,13866844.91,477994.3548,,378026.9875,1306890.674,998541.3545,1132490.05,1681364.709,1608455.048,367606.462,1010457.503,221421.0975,56850.98067,1415811.622,425341.7173,,4479638.535,315170.4439,468501.8761,1020279.503,,773285.1044,1721288.198,326407.885,2180699.88,1944492.934,,943063.6832,1113487.137,3240087.278,451577.6668,390728.5402,,3109197.529,693241.9284,1437026.655,747526.8089,1542616.118,,898279.6733,,2047441.386,328273.0488,629009.1975,231113.9865,1322668.38,639542.1792,5815998.606,2265196.443,1580356.163,1674679.866,1605104.519,454988.7759,1419623.756,548630.1439,202515.5292,248349.1046,3102393.319,149066.4349,1304222.174,314530.8645,1519306.213
0-20cm_U_3,,913983.8665,22989.92827,73458.84881,112746.365,50145.68901,4216199.774,558964.9331,557187.2899,395745.3585,17345498.47,12084001.46,726088.8471,324625.5106,1714796.186,6238488.659,1013111.617,16009539.44,660440.9386,1048081.151,122827098.3,1919355.043,201697.9061,2916939.528,1345463.796,1236741.252,336568.0802,2463577.134,210793.9914,2727284.219,9389948.064,952758.6363,46465.2111,886377.0222,2081749.151,,2152266.427,602915.4472,2720440.496,1305733.553,419194.9019,3470951.268,602812.1292,2403552.986,376202.2322,1118144.259,805727.3369,,269731,1514371.665,627038.5566,125052.3713,1222081.404,3755274.325,461243.0133,312302.1405,1035362.925,3532654.136,,797357.4972,210919.9865,,10200174.47,426925.9999,117672.1221,14592396.85,1822536.434,4653144.797,1590970.949,,322365.3204,626396.3136,2869293.105,193444.9969,245802.5349,5809361.962,349433.3906,,1081044.654,391337.2158,2552821,293854.0017,1013440.267,1126766.3,,1011480.52,1440743.432,1350728.695,65410.28587,10662.81068,,1581519.522,791657.2566,47350.10185,8186655.671,27277024.05,849583.8746,213381306,1619294.561,4506078.751,668104.282,9917057.172,1700190.766,,650501.6853,,478870.229,713205.0196,1365955.201,30786.24751,,7257318.774,97871.10732,233730.8606,1753960.791,816325.2809,33337019.08,499680.3258,,254242.5097,497263.7351,395869.428,4638261,3722629.768,87797.9517,344293.4913,132962.8694,2123584.632,,2166219.633,229509.5435,4804132.453,514982.9433,257795.4855,,,452501.8137,981708.1825,1062899.189,632466.1508,2240557.561,603067.1024,2274433.392,,1954632.09,806628.039,2555294.979,1853052,1409377.774,47981.05729,466887.9972,43632198.68,3059173.709,789394.2507,2059254.409,4879757.459,2252261.694,247250.8624,531892.1997,,3471017.419,,4561819.016,8421684.832,257053.0778,1294146.908,286232.7543,1184660.472,2861662.972,2798717.975,,427119.3768,,504353.6871,449771.1009,6612572,298721.3557,,250800,1488480.553,490509.6815,914575.8487,1081052.603,1837884.529,151428.0443,761371.9906,283224.9632,200053.1458,1574105.016,159190.1401,,2489128.405,358038.4936,,653982.3529,,858702.9484,2094747.333,292482.3597,1619973.805,1774419.234,,279608.9938,991980.7128,476906.6464,362912.4253,432513.562,,538219.1044,627413.6816,,550454.1215,1425222.491,,225435.3377,,1689331.538,128240.3343,212060.9633,329944.0474,53405.91716,,1580734.934,,114308.051,1287644.304,902434.9291,37351.76292,1589681.163,347169.8251,148419.8829,195601.4042,848142.1648,16367.03394,579522.5311,,1108559.961
0-20cm_U_4,1684111.801,1277506.048,81681.259,926287.5475,1331197.114,302307.481,4765590.103,724919.9682,774020.1646,386960.7826,17641982.85,8436498.254,3052099.378,405483.8631,1185527.037,14678190.61,2064069.36,5529214.314,1068400.961,968218.1995,120376737.9,2448824.085,224630.2692,3015831.692,1781581.821,1824602.164,256605.1994,3049445.291,314301.3377,4252229.727,14631605.62,848343.86,57749.43068,1189111.508,1878638.258,,1640972.167,912157.6441,1216677.622,3251143.746,1010821.928,10200058.62,8143591.537,37038808.67,1526877.214,1662743.924,1699413.197,,8597421.051,3440979.066,1640827.473,72099.94821,1571903.767,7384357.476,1838882.788,3324740.623,1112523.46,6537630.352,16465171.53,2703914.535,1452761.128,1818623.279,11927566.27,138203.7011,402961.3057,14100308.57,2565008.627,6232825.531,2885234.485,1891344.945,4224399.651,11603855.73,10103950.94,386722.2013,2531295.289,2234572.669,555604.1619,853080.6616,1457746.467,3350757.086,3003545.433,2536658.325,1496631.942,1373442.555,3618955.564,1957467.276,1837567.469,1728571.4,171344.5234,16504.97715,,3633464.503,555418.8294,93702.96714,8407429.884,31123798.2,1423822.171,222537971,1787601.29,5809852.797,1169609.327,12084485.93,3595120.719,,716268.3085,,3147223.362,2495558.198,1293738.191,26131.86453,,10907915.72,,253075.053,2569322.854,2901805.28,36010948.05,679777.8874,2352330.637,319243.3054,707030.0684,355547.4564,6480035,2353338.228,1118784.617,1025696.01,184253,1939803.892,,3972079.133,412324.1136,7943175.174,1167960.303,488700.6457,3425515.824,,987844.6973,1355081.778,1047933.354,611502.1042,2343662.089,1123805.62,2482236.788,,3016289.893,1513322.153,3440438.088,2551147,1661351.63,1387039.556,,44358265,2321498.604,,601543.5316,1848789.685,3440008.822,417072.4206,897172.4551,,4066128.016,834091.1731,3654269.239,4670283.066,598885.3389,1689315.108,721947.4799,2609769.139,3818823.152,3369642.964,1282420.098,2223019.318,,3178730.806,8888229.204,25243721.55,932373.6585,,848774.7642,1534081.041,2419977.402,1586195.389,1823311.56,1424968.075,608789.9534,785342.8508,611297.1213,213798.371,1444351.641,1190809.891,,2832008.752,131252.3275,124227.398,,1123882.869,1214778.857,2568101.815,1067605.994,,1036393.74,,773785.4482,1218979.919,815139.8838,812261.1765,465715.0408,2326811.057,2033373.539,848430.2085,1602044.807,1448404.315,1708859.145,,1223256.206,,1157457.112,311604.1659,407725.4418,386786.2327,375635.6791,,6893022.281,2335800.479,1473573.493,3163518.986,3110820.526,881321.1253,1149773.001,287250.0175,275330.5166,358544.1665,478143.505,38360.33189,1538986.346,368101.5813,1814175.944
0-20cm_U_5,1600997.365,1053639.274,5902.331262,914520.8584,224285.113,226230.8422,4225851.684,462921.7208,649316.4801,326886.1193,12813033.51,7945122.041,3981926.091,374137.4642,1213423.847,15951930.45,1605696,6301838.687,750321.6702,611723.7498,106407879.3,1999980.849,267231.6463,3205384.1,1563319.674,1598891.38,336755.9731,2527020.446,323443.29,3020864.189,9936388.098,401389.8638,,912973.3491,1552047.067,,1731183.506,501124.1162,1188203.923,2677405.412,,8965598.613,7453015.634,53945617.77,1270641.935,977734.2785,1390735.506,,7748489.283,2716089.599,442940.9193,38453.23323,831346.1486,7018022.402,1614580.705,6353236.608,912385.4322,17996889.71,18040144.32,3816615.798,,5090451.511,9379711.436,109055.6577,804696.0907,13009617.02,2392706.661,5116187.602,1984417.322,2186110.656,4381134.298,12577401.38,9187448.885,315608.5549,5639829.45,47334564.55,526887.5515,,850752.5068,4026659.348,2538151.11,3427216.114,1315473.829,1124052.551,3745127.491,243338.6701,1451926,1358755.26,,15294.75091,,3566502.544,380406.5739,14287,7490455.813,15448344.17,1074657.486,207728764.1,1536048.382,4334891.906,1155259.236,8640466.986,2325955.95,,545471.4651,,2710277.054,2417382.904,977825.6128,11819.3746,,7448198.389,75859.5593,259622.5281,1753695.877,3038659.287,21538624.3,,,230162.361,518231.9552,226646.4826,6412158,1806270.102,2419443.214,931284.9637,128911,1777832.31,,2341023.961,310607.8541,6200960.865,1129456.238,764127.7319,2565674.817,,646841.0467,923129.7177,1205180.203,567357.108,1920945.813,1414525.488,5114269.515,,2524127.938,1087944.553,2538397.801,1440954,1204626.375,1401965.625,,38922205.3,1129373.083,,1157158.202,1008234.125,2507492.014,224570.4808,380868.7759,,4752561.423,624871.998,3122967.477,1860904.155,1282542.203,1470785.923,550126.135,2176407.772,5544675.35,2063754.501,1050784.424,,1373359.975,3155014.377,22664358.3,7306330.29,,,2203932.569,1089181.656,1262642.563,1977665.022,1689132.813,1112713.735,508548.3004,596290.7942,228833.6757,140152.1017,2213423.035,662423.9261,,4030687.367,253647.7929,242861.3093,611795.5052,,535829.5515,2138390.199,185014.7039,473678.6941,1608896.96,,724437.2731,1029613.602,,439404.8076,1457982.839,2708401.818,2387730.421,786570.6325,1495347.965,1591157.911,1552495.502,,204953.9204,531331.5553,790683.2032,164794.0553,312615.2156,233904.6176,234992.339,,5861811.009,2725432.943,1265121.528,2890711.098,2715507.507,671788.7703,1439391.411,,329093.1724,327255.7137,226543.2139,,1521933.541,549231.6724,1664892.881
0-20cm_U_6,1626252.565,1031803.196,35202.93133,1361908.069,1699265.257,384139.5005,3831702.219,813478.3506,510832.4753,424885.1223,9270689.945,5531143.788,4332518.477,505913.089,898860.931,15096592.09,724789.8041,8502200.768,1798085.12,837555.1077,105330689.4,1861842.244,247590.4507,2567366.446,1265357.988,1500029.767,318490.8889,2292111.464,448108.5209,3254853.206,7118758.492,346370.3837,,464351.5714,955374.5982,,2293161.189,719694.8844,13146778.26,2804632.312,,8108935.66,5365815.783,48865901.78,1344862.171,981140.4257,1452350,,8803716.399,3021218.898,1193561.56,39795.90403,519874.2079,6200331.992,1693158.511,4773311.002,1117038.746,16280613.6,17132922.23,4113875.359,1141533.944,9664655.542,7974792.145,4035692,1153509.696,7779798.495,2127175.239,6916429.894,1794641.293,1072088.739,5108236.581,10837475.1,8679144.832,538109.9073,6387681.267,43952212.84,503903.6082,,1225815.896,3115693.733,2959637.181,4104229.847,1175758.151,1125022.279,4165953.12,368745.7737,2214522.261,1334200.436,331897.1977,24380.55267,,3820637.626,452439.2052,112211.7756,6185342.752,26158901.25,1060135.353,211110578.2,1390575.657,3203164.243,13375.17177,9127100.425,2170733.227,,598315.6683,,1007174.116,2460782.401,894585.0083,71030.53399,,7698885.784,722301.6034,319638.6009,1871281.497,3283208.346,32717400.09,535253.546,,236804.2334,518620.7728,536130.5659,2132743,1437648.639,1065974.86,879468.142,160430.8708,1184339.292,,2260931.24,472480.5624,6120769.788,1149072.232,600148.7875,1906014.494,,1174829.918,1001188.769,1144064.774,612282.639,1723779.348,922777.9596,2642908.06,,3973827.609,1441762.293,2440618.734,2204941,1673652.203,1147176.119,,39332339.29,986781.9781,,860779.7988,188880.819,1884994.482,361369.8277,,,3568575.324,,3134423.608,1901879.03,1093856.75,1386108.678,456721.0837,1927824.157,4421094.098,1852631.798,,,1536878.356,2302392.124,15950083.85,5032673.838,467314.0389,,2324676.432,933860.907,1376024.137,1721004.748,1051223.532,95608.88164,430765.5791,573071.5395,378480.2406,125015.2961,2004382.838,911140.425,,2591558.369,108209.7588,128300.3391,,452788.3715,727294.1891,2243623.324,46578.83701,898936.7756,1556792.318,,615778.6461,1457692.205,651704.8235,148615.0214,254843.74,,1914404.078,709246.6458,1520603.686,2597204.965,439279.8251,,399637.7891,,1347788.404,86496.88921,600776.1186,452286.241,485823.7838,,7036498.119,2721658.995,1297985.179,2568024.352,2992751.858,441986.0183,823029.6895,,338740.7561,262842.0932,148998.8904,,793470.3837,,425136.8333
