SampleID,"1,4-D-xylobiose",1-Deoxypentitol NIST,1-Eicosanol NIST,1-Hexacosanol NIST,1-Monopalmitin NIST,1-Tetracosanol NIST,2-hydroxypyridine,2-methyl-3-hydroxybutyric acid,2-Trimethylsilyloxysebacic acid NIST,"3,5-Dihydroxybenzoic acid NIST",3-3-hydroxyphenylpropionic acid,3-4-hydroxyphenylpropionic acid,3-hydroxybutyric acid,3-hydroxypyridine,4-2-hydroxyethylphenol  tyrosol,4-guanidinobutyric acid,4-hydroxy-3-methoxybenzoic acid,4-hydroxycyclohexanecarboxylic acid cis,4-hydroxyphenylacetic acid,4-Methoxy-2-trimethylsilyloxyphenyl2-trimethylsilyloxyphenylmethanone NIST,5-aminovaleric acid 1,5-Hydroxycaproic acid NIST,5-hydroxyindole-3-acetic acid,5-Trimethylsilyloxy-n-valeric acid NIST,6-hydroxy caproic acid,adipic acid,arachidic acid,Azelaic acid NIST,behenic acid,benzoic acid,Beta- alanine,beta-Alanine NIST,beta-Sitosterol NIST,capric acid,caprylic acid,carbonate ion NIST,catechol,ciliatine,cycloleucine,D-arabinose,D-galactaric acid,D-galacturonic acidM,D-gluconic acid,D-glucose,D-glucuronic acidM,DL-3-aminoisobutyric acid,D-lyxose,D-lyxosylamine NIST,D-mannitol,D-mannose,D-Myo-Inositol  phosphate NIST,Docosanol NIST,Dodecanedioic acid NIST,D-ribose,D-xylose,fructose,fumaric acid,gluconolactone,glycerol,glycerol 3-phosphate,Glycerol monostearate NIST,Glyceryl-glycoside NIST,glycolic acid,Heptanoic acid NIST,Hexacosanoic acid NIST,Hexanoic acid NIST,hydrocinnamic acid,lactic acid,lactobionic acid NIST,lactose,L-Aspartic acid NIST,L-glutamic acid,L-glutamic acid dehydrated,Lignoceric acid NIST,L-leucine,L-lysine,L-mimosine,L-ornithine,L-serine,L-threonineM,L-tyrosine,L-valine,methylmalonic acid,Methylsuccinic acid NIST,myo-inositol,Myo-Inositol phosphate NIST,myristic acid,n-Butylamine NIST,Octacosanoic acid NIST,Octadecanenitrile NIST,orcinol,palatinose,palmitic acid,Pentacosanoic acid NIST,Pentanedioic acid NIST,Phenylacetic acid NIST,phenylethylamine,phosphoric acid,pimelic acid,porphine,p-Toluic acid NIST,putrescine,sebasic acid,Serratene NIST,stearic acid,Stigmasterol NIST,tagatose,talose,Tricarballylic acid NIST,Tricosanoic acid NIST
gc_deep_C_1,6.653664677053397,59.83044690269965,110.81320897212096,151.41073796491864,116.5150173844116,146.2746086090159,201.50939142637029,98.1188926704542,86.77982964652698,6.653664677053397,38.31928654804712,52.1287036351493,76.66918332160493,47.13882560432579,93.28811047430047,51.73158349690397,125.9632170395053,71.3164845451477,102.87866974298385,50.13028719992296,41.96678707259997,94.63910043364596,82.47415146998732,77.84381319736289,57.8537350617985,56.249170329312705,146.98096021993823,56.240303897260745,180.71970091489237,131.1979257003987,103.5106756386699,144.342974492575,132.9496563983111,76.72167185054045,83.73182241954176,144.46542304634636,159.4046195546446,57.06614871814845,39.293298528307545,68.32028436671693,6.653664677053397,38.547602264342714,32.599283619259,53.1717930841217,34.42960363174443,43.504783752297186,79.7829047941298,6.653664677053397,61.493989874506596,68.77917242491161,138.08179870472273,120.91686078012539,64.18076865465491,68.6783661381759,59.242421069316826,34.42977199725337,118.78484322192321,116.9179900165612,6.653664677053397,104.44741213259292,136.88728486204886,6.653664677053397,96.90720579036424,52.56435477825965,230.9212892393855,146.63310520422064,165.69951253435312,191.2110122980429,72.28898675257761,6.653664677053397,40.09276006028231,23.76422374385583,145.85804926009573,233.48034061006769,66.50484204575783,48.92126616994944,80.00271202708056,6.653664677053397,71.00604250767731,61.11527152239274,123.77798989213952,40.41967541403524,97.85373059794496,85.38836854524637,6.653664677053397,123.58305504933992,93.77404802406198,39.45083734674127,182.10150814984075,131.9358470419952,6.653664677053397,6.653664677053397,140.05713427024304,118.19814657966008,77.82756451843403,120.2751680328117,41.65164000443032,394.2258209692197,36.15356687225716,216.8756930056981,113.3540608290206,60.834658204956384,50.03936316578589,133.60483861380703,123.78450051181596,94.51047783161155,23.35258942891084,57.33666981666991,6.653664677053397,108.03652016725978
gc_deep_C_2,6.533510149274869,48.64107949948027,61.72172633716903,102.3046941863606,101.72982096596074,99.06414763855537,185.07953559420528,102.84001921899538,74.43084404192989,6.533510149274869,33.12117139846766,6.533510149274869,73.8371294188854,61.60164611562872,86.64048049405967,60.76094235484122,51.42021860003924,87.90925173832913,78.7381407182774,43.43240675786042,59.00291226309424,78.2214038650572,46.49669584152049,102.28880460294673,63.019537912732176,75.93275067749472,114.20198750421676,58.062246894376145,119.42565974478279,93.00470339114027,102.86100067629751,121.59984748450906,79.42465997138537,6.533510149274869,61.17577924637161,175.7213391559728,133.8160891499561,6.533510149274869,28.973657605576083,86.01408076086123,6.533510149274869,146.30358195953625,57.735065665268465,140.74033944556987,112.47594181555002,37.98464512428116,82.46171059708652,6.533510149274869,69.3720830914203,90.1476422144898,90.3570133444027,87.97588031874085,6.533510149274869,89.21242175948046,100.1702547067182,42.34081368671374,100.17886421053879,109.68326968192132,6.533510149274869,126.74742185448157,117.73956079740361,6.533510149274869,198.23310881125087,80.22322607585488,126.22367080055447,71.73055637074143,121.29010539275531,198.09645477874895,112.08550675499683,6.533510149274869,69.80798585522184,78.04573855494371,142.89795675876758,141.75123737467968,75.93639480346182,69.1993667914774,106.69490936958348,6.533510149274869,77.11110870841331,65.62422317731013,142.529936873308,30.295790964859517,88.42046943491928,72.1709541325511,6.533510149274869,58.41671701614128,77.43812766056115,61.1566764493434,97.0608938936117,75.13050795693499,6.533510149274869,75.80406573191267,126.93431920322183,57.31838295375355,79.13017963985658,171.6131519765425,35.61304285053799,382.45717658961365,69.11132626378149,224.48318140997222,91.86376828821344,6.533510149274869,53.712785725683915,81.77671412491598,107.17719018050254,6.533510149274869,38.26378935096396,88.71166144798367,50.22348290168867,70.7993302498819
gc_deep_C_3,5.918641810106012,57.872294819170705,83.49981219667454,113.31027765947611,102.86409974849087,116.06737413335748,169.98781604812623,72.1132243614811,76.09648844559025,5.918641810106012,74.40431910324553,21.513901971809513,71.52520500421812,75.57358713371433,91.4249620783539,49.937445558902176,45.335233798413725,93.3807515728471,91.79295945124478,57.13133640909591,267.7004268068326,78.8452905566396,59.60325166212799,87.64510582498205,63.19350248643392,78.88736096195854,123.05611343858462,65.13984906675717,153.75410491906345,111.09120805006494,117.99140282354976,93.70262843288634,125.09683295386483,59.08686323736067,76.90133761604308,5.918641810106012,99.44154946533885,59.928574895980795,44.87149252836444,72.23093170371716,5.918641810106012,30.990233656476967,36.023887700460456,53.538300992957254,5.918641810106012,43.70306532264859,77.22473636075425,5.918641810106012,57.448732926571196,69.29898955846915,92.26607881803913,101.75666483281341,12.628667345377812,92.88610673609334,86.37674948426877,39.15968751559207,106.76197150333647,120.63494136539109,5.918641810106012,92.29142581528421,119.5198782996645,5.918641810106012,247.42239202932873,74.16050009400514,202.62943713713955,91.7257745838067,136.60968727231855,178.96541723534077,143.09949852456623,5.918641810106012,58.95156366984682,57.084756839174425,129.95260875620409,202.13572346772762,42.13455028695829,51.79763174623177,83.45887987025101,5.918641810106012,78.84524401120566,63.06079782392943,112.03590773282711,70.19713738730186,98.1606694946075,77.32450000822021,5.918641810106012,80.5285749324524,70.90029193593524,41.03836801680497,149.24124886098602,110.34471295766214,5.918641810106012,5.918641810106012,115.51058253293054,97.45871755957367,134.8116870042332,153.52967870755916,30.054579871771544,340.921116348687,93.33036705001446,253.83625088386762,106.8230657001644,64.3989170945892,56.71704568427534,116.55377405724852,109.27241618978498,86.22258528739626,36.19148623504205,51.01294893325129,5.918641810106012,94.34001616605737
gc_deep_C_4,6.183877784292739,48.67247608677486,38.08525826165825,101.24917738789314,128.05971642645417,115.73377882379516,167.31418250853582,84.47888617940811,65.68767460740082,6.183877784292739,124.74608946884045,69.16428668407104,68.79227934646127,79.12956626552251,82.95110708053937,69.20481172853147,50.505773740566916,64.3705779474156,66.04113617608645,6.183877784292739,279.71726315418385,127.23309122258728,47.92066913482492,85.72478113580517,61.10498069768952,92.94680126079298,101.89574775611804,67.51708957665157,101.14188932362828,35.13922717273782,130.91763547374896,85.81820173218523,60.28779498231405,39.00464425179866,99.50142751773934,6.183877784292739,108.2543284200679,74.08787065294536,26.265944097700523,94.00422595175132,6.183877784292739,141.14171914988327,64.7145984641788,143.5632769967811,67.9066311010863,42.44561416367261,77.38132477677696,6.183877784292739,60.57964666228827,91.48432107306408,66.36396772578087,51.94824110552247,6.183877784292739,101.5101593303029,99.9267253780802,73.71236599440581,110.25532949102703,104.03270888462713,6.183877784292739,111.87582072232014,150.23284073638945,6.183877784292739,214.82740068827292,71.25787988550059,111.72065141708038,62.81575792843542,70.93877047522177,385.31937323195416,86.45034371027803,6.183877784292739,194.21426548508776,145.36741574391007,289.0835102979573,114.35383108705155,145.51832516437742,139.05344759441888,77.16791159219754,147.48716467994845,162.34409428321908,186.17219828336707,171.4064783489326,161.8541792419843,46.62151235107892,73.83476331737725,6.183877784292739,65.64305633100412,70.38705165648669,45.14367199434892,80.33775918951274,60.545171505047705,6.183877784292739,83.7413222588827,105.86645028461929,51.36580428233659,132.70092941885488,170.77813373064748,6.183877784292739,342.3514850488373,98.32898451595504,281.39627328486705,95.66123397457093,60.44658274065785,72.82796988312451,75.67286525931098,94.84498396260133,6.183877784292739,51.303057648712645,90.03147491429863,52.72835341384684,41.60241627924132
gc_deep_C_5,6.561100185473751,65.1615468016068,51.06902909797674,125.78633088771335,80.78808950669988,109.80789373952491,179.4949448481033,82.02566653200442,71.61038384278365,6.561100185473751,131.73289499475425,89.69790769858133,74.78844552502159,82.79672910349639,85.3811802918129,75.50541757899236,65.3876139087535,56.533708457930366,123.60559616332047,60.23978300332587,274.9658096883767,66.17545835325686,45.30851504066806,77.52269699700298,65.82592857938863,83.41675003192448,96.39556172605774,62.31698537586618,110.68406262087241,6.561100185473751,129.62754110475828,108.32124673628175,65.66022150354833,50.27733344597818,60.24518848971052,6.561100185473751,118.5657837674173,38.627332012410506,45.989008127107255,103.29033075223263,6.561100185473751,180.0525437417037,72.0855970465389,151.07071420426476,147.20885598274012,35.22487695661541,86.74667740979656,6.561100185473751,63.3201316872522,100.36256545940117,85.42832775143141,66.94470089676186,6.561100185473751,99.6961837637361,113.04289787973018,82.76361058717478,106.87111339918357,113.53191024445685,6.561100185473751,109.12813200554767,77.02653937197148,6.561100185473751,255.42165920845775,74.51914061358039,103.52073023341642,66.5351290644953,40.28687846491002,225.42240834224032,79.50156470561002,6.561100185473751,90.47716196898976,78.54571366397441,150.8928386785859,125.48688277448215,69.05213690715038,103.15483913168651,84.79896104772737,6.561100185473751,77.62279431659461,76.49172078658219,146.64023994396038,71.40713949664797,95.72283180891684,82.93291449425845,22.24922357404448,56.05509216453809,70.80497717653179,43.092512842466675,61.94047153772613,66.38791636178145,6.561100185473751,90.37123754697852,123.31900863616517,44.341967722960256,148.3535397371376,171.13334984431125,42.4862500743649,360.1159285571201,89.50313284068369,268.88157878185467,6.561100185473751,43.0245482754799,69.90839990660291,74.89860269322546,100.21092539861145,6.561100185473751,56.24435639432873,113.12143740661077,56.17938341422452,82.07608081984681
gc_deep_C_6,6.988379263810372,63.543811928496694,54.16163672815755,104.98451502673217,132.84598170088603,68.30051694435039,177.61880318751165,91.00922565817007,71.08308589121609,6.988379263810372,127.14445825846867,90.78815582934826,74.87806697569184,84.47940867499179,77.85195128509703,76.37089539629223,47.57899223804554,58.73408708788605,103.41226281163452,66.1534497279905,289.3244817345122,69.5459078478152,47.89507821861245,79.35442502370704,71.82094951904578,87.73873870946538,105.68500195456953,58.82385594759895,109.98649728919173,85.28616338768413,136.91237511428213,97.59085418815592,65.32181961355448,37.37489576615846,55.07791647428291,6.988379263810372,118.11983135340034,50.472236282832505,56.57242084204149,79.64363036822043,6.988379263810372,153.01984272509546,52.524191363601574,140.33272826911733,137.76603301051946,48.498740619931255,81.61376313179109,6.988379263810372,77.779771893389,87.91375932147763,64.92200664118818,55.96678987538571,6.988379263810372,103.28099489518132,108.24507804745133,86.02722384559536,118.63560047067467,117.75110427107249,6.988379263810372,105.21602718270756,158.68952832744915,6.988379263810372,260.6243899383714,78.48328319039732,123.574678522978,78.45220028484387,46.599013758700835,215.51459191327464,71.30608228495468,6.988379263810372,85.47125901753921,96.71708281334642,152.8811057762253,133.4833527400673,46.23762123994871,142.95560827938237,82.37021117088007,6.988379263810372,73.33234644552799,69.36321188980489,124.17501899684193,69.53898758614551,41.908671519801416,100.76791722463236,6.988379263810372,117.5398725703141,80.4818944439413,49.60594620447481,76.76946447558548,63.72271813461741,6.988379263810372,69.67921495495246,114.3936624763734,53.04206864676801,130.4931489409693,179.0461194479654,34.25196886746821,375.26031946792483,101.45880012858724,289.1474395784793,47.79437702172048,58.185148699808295,61.704647896636736,75.93922662105733,99.59941128707763,6.988379263810372,55.38083414837058,86.28159161672384,52.000220476820374,55.54466895477131
gc_deep_U_1,7.3114126133767865,64.76836263562173,43.84530717276668,72.07992272269476,107.97013132003126,37.895853872786375,168.7511399679598,104.18349672779462,70.57680600525379,7.3114126133767865,89.27344695188506,77.16517799148508,78.51856983660443,78.62975317949447,70.09204342524549,92.94702029793119,53.49214043205094,62.93290969291127,73.44327213290727,54.50003718052208,283.9685948821975,70.19120498237612,47.41901561726519,79.14216394338104,64.89443482754052,82.10166697072563,115.21763313418126,54.3347204055171,102.55605842793192,77.67922822065606,133.82166472306744,84.15299258162716,7.3114126133767865,43.83409033791061,50.28111820019773,7.3114126133767865,95.46038622139704,61.59820957484857,64.59408097152217,83.69598572552039,7.3114126133767865,142.47543650147693,57.97959285616075,142.60812738869964,81.28776709598678,43.50244204518496,87.59986765715716,7.3114126133767865,104.5093872464579,96.99291610386337,49.965683044876215,35.41825523455984,7.3114126133767865,109.82076944225103,109.04981608817388,87.05593481836394,85.48194068127968,114.5761177433319,7.3114126133767865,92.37368275737339,125.05198954096637,7.3114126133767865,243.55994353150743,77.38405837748938,94.3164792713056,69.76578603341864,39.903498649652526,221.8362114835008,101.77557245482058,7.3114126133767865,90.09129840874479,132.01132757946917,153.94303456697082,101.29086608767163,78.18705461761786,130.2123141190434,96.0717033017551,7.3114126133767865,74.74298618389385,101.76263257190169,74.47698919603273,85.42481245070444,84.1967880977356,98.96316192039475,68.95820989922008,103.32120978422313,72.02981869261322,46.12277392529752,60.496112044908784,38.45475822032119,7.3114126133767865,98.53598559452436,108.38237191539925,30.115497377619075,117.20660760801793,144.85202331377724,42.07824823039541,302.7275676559189,57.37547115805468,237.47954702282036,7.3114126133767865,70.48523397551794,60.534146575987805,37.64759038038165,101.42967376403546,7.3114126133767865,58.720099112268436,105.60813852791826,44.18371450562915,37.895853872786375
gc_deep_U_2,7.339179327127601,63.916711207244845,7.339179327127601,96.1781956593049,71.0410831093468,56.97916161708136,196.27897672052927,100.13203479887207,75.66012081255829,7.339179327127601,60.723231471021954,26.07087821688353,77.2300287536641,85.41057610678607,105.52117128256332,78.72733283375966,58.35490331357021,64.9834599776978,98.95987283794963,71.48865128126737,311.0990127312954,102.44749391704265,46.30531422342641,104.31947350964467,71.73158799927442,90.70011760386998,110.51168999933464,65.73799118718422,108.6900884683245,7.339179327127601,134.17834123521015,120.863056222189,59.34123455019143,7.339179327127601,114.38790991144873,7.339179327127601,114.92426703465104,86.86396218064846,49.03944447485957,90.66998252309675,7.339179327127601,140.4302615837369,57.41350404103965,139.10790003575622,77.31920761531039,68.67260373946232,84.01219713396021,7.339179327127601,58.03867873563332,88.50333623643876,84.90750414174946,58.359417700801316,19.793732755487436,99.72755734431215,96.10955092509305,45.47423766939857,114.24455998596099,138.95652039616752,7.339179327127601,101.74050949826695,99.96479626957601,7.339179327127601,211.2306299422036,77.19736868855814,100.07152424447989,179.48871403031504,131.38117061274605,228.1717499479388,57.97230132237651,7.339179327127601,65.17132470564287,78.94582550882221,152.812297464149,120.06313101803825,79.38486828063031,162.85158837446266,58.96870934006297,7.339179327127601,96.7532007487956,73.38864347902926,62.92010576270561,77.79600058619772,50.688810815989996,95.4935009666697,7.339179327127601,69.63113456145466,75.73285614400895,45.92821259464675,58.657864123273875,66.84529804456356,7.339179327127601,97.32480522612425,126.21403494069318,47.87425284450728,162.3036625206272,186.25531497838404,29.640920109716003,394.1898097157923,77.75749612032726,233.84173818220776,105.61537499525193,94.7089966690617,68.02623938798679,68.9461819710646,108.96435105292248,7.339179327127601,34.5244945670143,104.9967366133608,7.339179327127601,42.811704966461456
gc_deep_U_3,6.491030410026284,63.37653505089953,73.88447629167118,120.55446634520807,105.53009311017007,113.53899203323265,181.27062917979745,82.39767858089556,77.74965955371516,6.491030410026284,43.64724815837726,25.814818904777923,78.93506410730551,74.60193905733266,115.25464886596657,60.17097346385286,45.75222984823264,77.02124517817319,90.53094433791959,61.89225320192141,347.40116268098404,93.16736627457138,66.33931572186702,105.77444119117557,74.25401517349924,82.97906748487313,133.37600533816658,66.56229597808188,145.59763580942717,127.81557651719265,117.98376010912497,101.92060593986258,102.89729000656584,71.10577818209876,90.85055138201498,6.491030410026284,135.00958582447558,66.23086811352144,31.819922367720586,57.2574073082056,6.491030410026284,39.17498415571898,33.71236633370189,53.4714197795938,33.86698960147946,64.64706654496315,74.38171619832903,6.491030410026284,58.84962512860208,71.74706214340551,135.2261146122398,104.68712694029153,38.08512257200325,98.67868777052288,56.090391434760114,36.17179094784535,100.2756104367278,112.13863008011793,6.491030410026284,69.390849370981,126.56534994600634,6.491030410026284,252.46969791649656,77.52799119080129,166.05937469759837,164.16749652424866,153.9229139843322,219.16511767356832,124.3437720931979,6.491030410026284,46.822462570563665,76.23677826167864,130.70606992678017,178.7332111744352,56.47973849910655,52.732425801938746,83.0606369798445,6.491030410026284,89.6131466601665,56.98790447343485,126.62305641463915,40.639679685795464,30.720749923907142,89.80267410822763,6.491030410026284,76.18412901963838,83.70920762474047,41.8412719081595,132.76158532679608,105.25225543284886,6.491030410026284,98.41533618251782,129.07764896205353,92.96300189607908,168.64096160218207,209.55898981441294,40.78298582612096,336.24080338213696,84.78122426490845,209.58409284903905,108.80680954760041,72.7614965705465,65.10180864097956,103.70377120379246,111.775801324895,69.68836042903457,37.401760338146474,48.24709752167442,6.491030410026284,86.87979476054005
gc_deep_U_4,6.889168646004391,55.55030715935523,53.66416681766363,101.1128971914035,131.93087890201966,49.16694829194224,160.76654645756258,77.58453213837393,64.83110819161024,6.889168646004391,60.3680870052436,15.407637200660359,94.5233653099492,77.94814898883973,86.7028180249301,81.62175508067853,44.31952358727528,66.65041123588337,71.92190887432878,63.970309467200046,303.43895699789505,77.45610259839583,6.889168646004391,84.3118259405236,75.25646894325818,87.72062584400116,109.49724952038967,46.953244065885954,97.67281481858451,75.08556561248608,127.48723306328407,95.05921910545942,52.18123392184833,35.57106002711354,54.77704801790049,6.889168646004391,99.74808907325793,33.8132942734107,58.67619365782457,91.41481181126512,6.889168646004391,153.26446107989096,68.96083698254526,145.3936146823075,98.57602165188271,51.720455070282114,82.31203141519882,6.889168646004391,83.26110973245095,94.06189326968317,56.81255780736098,6.889168646004391,6.889168646004391,96.82673052294253,102.14887111133729,59.571688735799455,109.35195361482587,111.51854655404631,6.889168646004391,107.30713207037377,153.08587107634423,6.889168646004391,243.796527059329,94.03125019513759,88.93269908468271,76.96266592274337,116.29488464455221,250.33343200560438,77.09313377057862,6.889168646004391,103.67417082690325,90.6737669326559,178.84744476996096,102.91987840045738,40.26627889552354,139.45261098195198,73.03760494959347,6.889168646004391,88.91333280401984,96.677476877056293,70.22294071903332,79.20736090256956,85.50408188373055,84.07515060115853,6.889168646004391,104.42552576595767,75.69268595360765,44.07542453605748,59.75594962621067,55.832908229230696,6.889168646004391,108.18494205627633,104.13992619717611,49.0226484313946,105.60816746058461,138.43017597562527,42.93159205884947,321.33668092536004,31.77367121088651,246.6151807059735,6.889168646004391,78.63105337572678,61.103924289416405,62.30621413794799,92.21869226641827,6.889168646004391,37.56849720473585,100.53904752158783,57.08846435881654,36.20195888827644
gc_deep_U_5,7.882829123139661,68.70392281231281,49.34557031887355,7.882829123139661,148.1259113818376,38.210140445409785,179.44986212420332,83.844156923926,77.4596059589941,7.882829123139661,35.68654545791393,7.882829123139661,79.37830839295846,86.3524299619626,84.96913652697124,125.10306853097477,55.0316544602354,69.29812867229725,86.67721096214049,76.00325087957874,324.61576997309675,90.41202058070806,54.88712303938696,121.35866002438847,79.79352499152145,88.79331029352636,101.00800068248346,50.386629282393,72.44492721859275,85.99441819145136,138.65755376301453,96.7988446712759,7.882829123139661,63.87694439888018,53.065874038022486,7.882829123139661,92.77932517599845,73.50420211855493,47.2235492547713,83.0447879130796,7.882829123139661,163.68347012933444,57.228164511545835,134.21495718317274,75.2148967957471,67.6089856893634,92.95414164524995,7.882829123139661,83.7922190592089,90.46312588467879,70.71037345721933,36.962089218397054,7.882829123139661,108.36418060190061,105.52837208080959,98.37488455944538,111.9748804361632,140.8333768762912,7.882829123139661,112.01023585306422,168.2114985193744,7.882829123139661,233.97139592135716,73.83705091572695,64.3915458667576,80.82648601918514,82.56056947895159,266.9525411222401,60.320739350272575,7.882829123139661,75.5504887002894,99.83449243682776,168.9682566651832,75.60332186181988,80.26325399606836,153.68604127873184,94.88907932759342,7.882829123139661,77.08963040998036,86.52251549465537,62.519051233829956,80.3993099079878,92.39415348489389,95.77506206452446,80.38223421403642,49.361445250086135,67.25764100498367,47.14753237371359,48.41053725864796,7.882829123139661,7.882829123139661,106.67036915624206,116.63559269045099,40.13276181144167,130.5870844565017,142.5186751806195,32.716016900330864,373.0638180699806,30.31112510389736,241.75355377853475,7.882829123139661,80.5155165300752,68.9427483097153,41.06594091216786,105.33681152034039,7.882829123139661,52.7017148818585,119.31418111164736,40.706040221104324,29.821309281733384
gc_deep_U_6,8.365675852829892,59.01890774873071,8.365675852829892,8.365675852829892,107.44880985396023,59.777595163649316,177.99145986777168,103.50808618584013,86.0261785733145,8.365675852829892,53.59051122386901,19.2992097400314,106.04449759753433,86.70142474937408,102.11953573335863,108.01101916980949,58.24801053116239,77.84122713992888,112.2130019377612,65.05999041468962,311.1821626838485,91.32901717015366,46.074987978586925,93.8967205633246,85.65515775580485,83.46036365685177,110.8942161309294,54.22170576220508,116.23600898618604,99.66607406187255,149.50371326394105,104.25190110878918,56.87685547190047,47.73934410523301,63.56786050943885,8.365675852829892,129.6191019624948,86.2757734083748,61.81383696310827,91.45884404216707,8.365675852829892,80.07923521362406,35.46487748102191,80.50991358997706,75.35589941282176,65.99258442927855,108.11922827159556,8.365675852829892,50.77391632007308,76.7080092290456,86.05565697049713,61.03061175701989,8.365675852829892,101.44356665488127,86.7215165982896,81.39527965713063,115.67602529902163,135.03758579627237,8.365675852829892,67.2061000765351,116.22359064581758,8.365675852829892,250.90382670063408,107.59494565119512,95.49177924597942,83.21549534282086,156.09854080251554,243.02387104023228,46.68276081052609,8.365675852829892,42.98362674214164,65.11277058425115,132.75202061243078,121.12711173985572,38.39386162813781,131.08080062545142,100.88509329584868,8.365675852829892,87.63822493709131,69.55343892858394,117.4888087298411,74.84472660682864,105.59197475472398,85.055901437665,8.365675852829892,8.365675852829892,88.60779622658283,51.263326944495624,8.365675852829892,64.88938579034073,8.365675852829892,68.9302771842256,145.17870316393697,8.365675852829892,133.64849975519934,195.88763312607864,51.257830274625256,341.29991967369057,32.59879241021361,246.15553808970947,8.365675852829892,94.06322498775411,55.6398014048053,64.25010788023393,120.56497059886843,8.365675852829892,50.30513586803119,61.26985750023874,8.365675852829892,41.441930666744604
gc_mid_C_1,6.979999954131579,70.3054541750077,170.5182821316465,135.01318369939452,129.62604499447653,145.69148335952173,207.22630562953253,65.54686737948605,81.06134335236943,6.979999954131579,48.18514714317105,6.979999954131579,69.07613368011462,87.63874400134446,74.68086783102834,64.37447110007733,123.59130642902797,77.39590675133502,82.12657919800651,77.15332961763946,69.37699582096386,88.69001296649382,63.178787229989545,112.80037661382349,64.78149527794322,59.4961841606253,194.00017294650033,57.344459087529344,206.8187404026649,81.95808929589518,105.67536970822556,103.5513491479259,148.15486296189542,73.94051181021804,101.78796923817347,6.979999954131579,149.3968467990906,33.266898208141036,44.546762233547135,76.00098247225404,6.979999954131579,6.979999954131579,37.611500199543244,74.4408388428557,23.214955797115604,40.200016330379746,82.74719036319371,6.979999954131579,45.361350382906316,64.0037750448649,135.95865256403624,176.29414293795054,69.89703938237753,85.94460969527309,50.01243491414858,36.57733019226982,116.06119380939818,122.85896590622181,6.979999954131579,104.39940679274164,169.25827645661752,6.979999954131579,95.24875037780224,48.00580277414526,196.1977074830554,123.51031382322931,129.2518538299764,232.80248175710278,95.765823513817125,6.979999954131579,46.48461916489062,62.10633160771832,153.88954498828724,205.7671869046656,44.016678668776166,50.440043592700675,81.52624630362567,6.979999954131579,75.73503345377242,40.031172354241576,99.93777104364344,47.605464315667675,110.4835205078392,83.66677615072899,6.979999954131579,134.76844304356277,106.07798768313914,52.40735907337436,165.04799250985357,130.63626627006664,6.979999954131579,6.979999954131579,153.1594567236587,112.55770176912763,60.75289206185116,112.62467648489525,49.18863614024375,443.3231592622367,33.66006624184245,302.3298449598728,111.96392147161363,60.90570725710018,42.687985857192544,110.36854028732387,115.48166801550913,112.84032550035444,120.59464666331971,63.86905313228081,15.211296947573228,97.16361601378044
gc_mid_C_2,89.80209912984184,61.976672219593624,82.20384218790468,106.61866974863737,117.30969940626329,88.79033075333714,184.2230645186642,81.51570207287116,65.5252518587584,6.9480175119002,70.28161613205742,6.9480175119002,71.98956306936228,77.5549521565949,62.18818692793384,80.12272020476969,51.33166464305212,74.4070765845113,71.77622225242978,63.33127198911762,83.515052429682,82.77534986878779,45.25612727817066,106.76991946319717,77.55595688928271,49.542206734957674,124.92013193530254,48.928922459642905,121.03051190254634,72.81883180562664,110.90485210349708,91.380472208126875,102.05038720084343,53.03419942459409,48.2289051933838,6.9480175119002,123.49381224255163,45.789861043445114,39.28706928270913,83.56581425704512,6.9480175119002,102.43993522502426,49.33963898660509,167.28117857702918,65.1316650382886,38.96483160060333,71.22685235396423,6.9480175119002,110.07821068364727,76.49796301281897,137.66943107718404,90.54788973828039,6.9480175119002,82.64854110722806,80.70701139510076,57.805320944602094,116.54426832939798,114.46735808072609,6.9480175119002,118.12048164661404,150.8449722062119,6.9480175119002,95.06309702459478,76.99428421237957,131.33716004799481,92.87733288209468,84.86693408820867,288.24969682482856,90.94504673389197,6.9480175119002,81.30695097081285,115.34701380815333,171.22153943000845,130.53948403907134,41.18754638137641,106.84397440782124,96.65008054215542,6.9480175119002,79.95209580268303,89.3354835866751,144.3697650816725,76.503882816601,41.0163375043021,62.46340706047487,6.9480175119002,80.98106223400046,73.98317003932604,52.27580348477977,95.96226795184847,81.07668704049347,6.9480175119002,6.9480175119002,125.5106977560278,57.88035970777276,47.478319590395195,103.99186860552712,41.3245481770758,398.81883252686526,45.40737578383826,271.71252182901304,36.12496667079573,33.278142714986785,70.97457895757016,80.00494457751347,93.3016107759259,6.9480175119002,6.9480175119002,63.14085189156703,6.9480175119002,53.079177431717554
gc_mid_C_3,6.6989002844969665,57.602496687404916,150.8081951068917,115.06091094274687,102.05644493956507,114.49418456293442,181.1883528621084,72.57061619075792,78.49721643731195,6.6989002844969665,53.72591971817687,6.6989002844969665,78.8924565903953,80.32140143278211,59.98431757935004,6.6989002844969665,61.41740906489747,90.95046858356052,88.82665162902472,64.02133041511983,218.7202973534748,76.15534678326999,59.863263839848045,123.44514239624108,76.504757362395,76.81896950261219,163.49932380600322,57.09920245592624,166.50201201988287,6.6989002844969665,99.58737005424504,85.73251012609909,103.34854464749417,69.83648099735582,68.1285636694779,6.6989002844969665,111.76862819574926,49.82205393158587,49.80460290686511,71.8904298024322,6.6989002844969665,89.18057186717931,42.97804500394068,90.34157860507442,82.32526901047707,29.83931743666568,88.82530007713335,6.6989002844969665,44.229400555131214,72.93043517115312,110.82360042717981,144.25431574732457,41.556314604909375,74.37205904885337,81.7805231480756,44.85715257842055,110.89200821508545,114.61487736179276,6.6989002844969665,81.62558225398323,134.4943364352796,6.6989002844969665,117.8575444012902,79.69921252320668,139.09200082270073,93.89337485873514,89.14783043116486,196.04281198663105,65.13821791429504,6.6989002844969665,44.70286737933079,47.15349395097191,133.72748469720682,158.17227748317995,55.07719114734465,119.45550521316108,84.013460626973,6.6989002844969665,69.1364524700836,49.25589305243972,108.38888760441306,39.33219585734877,86.22624466361697,67.98516796668721,6.6989002844969665,115.05114057565117,78.55290993541078,47.02798353442018,88.19321808969484,106.02133910780874,6.6989002844969665,6.6989002844969665,133.08229490933866,68.3044482084286,72.59942248118976,99.83816763741885,43.35034693768216,389.66444756229396,74.29941548016018,269.1712476569666,88.47997041579411,47.67291041437443,79.24414066413904,90.11085889996629,112.86531716903197,77.73026686636227,29.46630840452206,61.034253786136,42.70422868862296,79.00482554068213
gc_mid_C_4,8.205478941172217,54.688514790952674,63.66871541140822,54.71140918111805,92.8064278141021,120.1764394529846,213.338590608828,118.19501529599445,81.85014261177396,8.205478941172217,66.5778253834979,8.205478941172217,77.35686277109062,66.418631428222,59.16119394657445,77.19237359788386,63.36659743481881,105.94124510117636,63.79474885510396,8.205478941172217,287.10822451245974,97.78489497895906,49.718785670282294,77.50255696592394,76.39739223998298,91.44626291635446,128.55343547136826,59.24119065406976,113.20268762816409,84.81209464552565,119.79651113632382,139.51748780249798,46.178896113398984,8.205478941172217,88.67421627306241,201.02154512832044,107.26074102882367,55.30668196306805,45.74946491044908,91.21510110038025,8.205478941172217,130.71001658233678,51.22109826313192,165.54253652273323,80.6267467588752,46.97012837323483,94.23262721078878,8.205478941172217,110.6204534030401,90.82573687741618,74.5981038756627,64.52844785364208,8.205478941172217,87.58361349867435,82.01695215050385,76.4682272155498,114.65564742994574,118.45517547296967,8.205478941172217,101.21916005329759,100.54736051193373,8.205478941172217,120.35693642793913,76.88725147446947,69.93813324891742,64.48942428539772,54.7322424024837,421.70329790936455,8.205478941172217,77.87023080881309,140.67980580079828,100.00119797746237,245.06914907665006,88.24901849580628,135.6087237487736,125.03124527692165,121.74353738492317,8.205478941172217,136.95684735417922,148.18727927413593,89.59000259870706,132.1466896937371,94.98652570715781,44.33449244783241,8.205478941172217,55.99663463520832,64.62622409131264,79.8639608620333,8.205478941172217,8.205478941172217,8.205478941172217,8.205478941172217,144.36358751105323,32.840978634292476,81.7531308709629,70.5324082589723,37.295929296406264,421.8192960235039,78.37090472520163,275.1685208687572,100.08161146507469,53.62923308698269,70.58220397907851,55.04894884730662,118.29584883671434,8.205478941172217,39.08886737891574,76.48717264532331,8.205478941172217,8.205478941172217
gc_mid_C_5,7.475640621660257,46.480611922225215,77.9284546478013,93.95400775796342,101.12068757121139,60.139146443860824,196.29109834492067,75.92685207650655,74.64928898588286,7.475640621660257,74.77104951717484,7.475640621660257,74.44713235395336,82.74151963689454,57.27265850852566,70.92266105283396,53.7201504347995,94.64496441406283,97.42486669931846,64.61344084955324,281.8801366957498,78.35404070925239,60.63193174658843,101.84071058774677,77.74681594654332,80.41430649173341,137.11158156359187,53.42028525823272,123.87835065012473,115.64304164787221,118.88550800390632,92.9396095418555,57.57460180009444,55.362144404435476,63.38271390786638,7.475640621660257,105.85907335176373,55.38841054681953,39.87535273439502,82.33116819753238,7.475640621660257,141.04833806060932,49.53119713425852,175.9802675004658,111.31133855241544,47.707594984779305,79.47599698964144,7.475640621660257,80.4062572641599,79.76536932313908,76.71388790689858,88.8836945623412,7.475640621660257,88.85707100490514,95.3466308591474,44.28084877363677,118.97089272555542,111.29138376738756,7.475640621660257,88.68567508152763,114.13721808642332,7.475640621660257,117.2641159888636,74.15640680274612,115.62114208979544,74.00839804807154,85.51651548016419,222.86250500136978,53.41892059000805,7.475640621660257,79.71208447345484,115.20945586464084,150.70726180888911,127.03190345307003,70.34032398087766,126.81960329663029,85.97914944454571,7.475640621660257,71.38363206077855,79.7239332925098,147.1259936254196,69.21637717641427,38.94773398253663,76.1245479156398,7.475640621660257,93.0003369208339,77.42971924719079,49.4913687982579,80.04575243859593,61.61534441577254,7.475640621660257,65.67187343471775,127.17758208162113,45.58314045164706,122.50992447412094,157.01566943302745,32.84150730069411,410.80222046595424,79.2619122964227,252.43009301910024,43.13359316686041,55.674712877547975,77.1195171217837,49.2336519777283,107.5221082188636,7.475640621660257,54.38645497189818,82.49729719989837,42.9125108895836,50.793823325851974
gc_mid_C_6,7.145681532539717,51.126410921359934,7.145681532539717,111.44201109034142,103.27940882618296,143.36499391159825,189.59129837808493,80.56466069163761,70.1501483196784,7.145681532539717,97.7610407257172,75.25781075264575,69.62928546557951,82.17866596352044,62.25595202331607,77.00906256242442,106.28787338945833,99.61038834251686,104.93100719325815,67.76049768726661,306.4809224543197,84.66617471033544,49.89867300460896,89.10772713153804,77.60328479504038,85.29732280955946,114.52450354257023,65.94148661722274,92.51003082365631,97.07606719331099,131.5329460755682,91.17205855666212,54.43770207095303,51.037069784646825,61.0789441511759,7.145681532539717,114.05845687656203,53.91848320575768,44.294889226981034,93.6778287418426,7.145681532539717,157.3894356913766,54.85286633070512,183.23793475763114,124.47430331158905,53.293752532672535,83.77417704177363,7.145681532539717,86.36734157269834,90.3004266568054,83.67328308073621,55.07721935067831,18.756684005914426,94.46043413317402,99.84007626796948,67.60557878049146,112.15863336534808,121.81890762622713,7.145681532539717,87.0236907441612,115.95136014782096,7.145681532539717,241.09918662719457,75.0091171927955,77.54017380655006,66.18229712344738,30.73533094916663,215.63429969377194,7.145681532539717,7.145681532539717,75.02756092293355,113.6781340823816,162.33781908481345,81.78769844614112,65.31685708358998,121.5643307314376,88.84339598161962,7.145681532539717,70.20667180973166,69.38211494101388,151.65788469319548,64.9792881207191,47.65866445338781,89.09255260699481,7.145681532539717,81.60122997109009,76.74257774014485,45.808203866133276,54.86654006187814,53.193799552592175,7.145681532539717,74.11623096961739,115.75204519513512,36.158748079211556,139.61088241714748,170.38055771661806,45.310738961605956,417.9592296902708,85.41329670181742,258.9778585730183,42.41510518794676,55.55023868602846,82.29710508500499,74.80712485556505,89.83413433773597,7.145681532539717,47.73457881366792,95.20533623304632,46.26796067133455,41.61437349001257
gc_mid_U_1,8.168974459698484,62.370325750283556,8.168974459698484,60.814259780400526,133.5557957842253,8.168974459698484,207.50450139941253,138.70674536943858,71.74908070526067,8.168974459698484,56.43220078010057,71.70373787976764,93.54686227421854,91.60230985494074,68.5418099749124,90.38742505478409,55.35780845009007,74.98609466547117,54.21694737432727,74.73007621838732,328.9656463631938,82.61676887014553,8.168974459698484,98.77319612143735,86.18713636714106,91.05213632757172,105.65530866793264,48.91887006915453,69.32960403647522,100.2137055920235,152.48415151795447,160.0054250552313,8.168974459698484,79.5631417035033,64.92133102412657,8.168974459698484,93.41810318119467,46.3994843383663,58.643737874870126,93.16725233992595,8.168974459698484,130.8996676670273,58.34223392892048,187.71228508450218,69.9121718241751,55.2689727559518,119.9604390019198,8.168974459698484,123.68468616659005,148.89482139690548,55.645984079426334,8.168974459698484,8.168974459698484,123.1007563165542,92.78040123354386,87.10362636775507,94.84539333955705,120.93659964386089,8.168974459698484,99.64230322139308,150.05754524354177,8.168974459698484,134.02208820167314,91.18243742399468,37.40896896608546,86.92632270729075,48.05740351774758,254.54247483111095,8.168974459698484,141.93672531774786,149.4918672307682,135.94208001936443,170.37679347648765,69.02355795340816,50.33555786283593,139.28624379395762,114.32900803500983,8.168974459698484,82.2041261573322,114.99637601855002,106.74289074411091,99.80178482469955,83.65855903763202,89.19172060381072,8.168974459698484,8.168974459698484,70.50746070317417,51.41754417467971,8.168974459698484,8.168974459698484,8.168974459698484,80.51443248528784,113.5202325084922,8.168974459698484,123.7456601077929,139.66913365460863,8.168974459698484,349.1185316018572,31.707465793220855,271.12263541742027,10.292262877827717,46.3994843383663,102.20488768221145,8.168974459698484,102.3473285536215,8.168974459698484,62.359395754857836,89.98977087067327,60.72163056602351,8.168974459698484
gc_mid_U_2,7.708691192506562,58.74178666209112,77.40853057706863,62.64213614630636,73.10113479454894,71.33846274419031,209.15038823597823,78.78876700982289,71.73393935969449,7.708691192506562,57.394046468510254,27.91127142209045,91.67770190701674,89.21395042787235,79.92981651268056,91.06442370464885,53.99721334164816,98.36556774906482,82.91810733927672,71.08042732461124,306.01831121155516,96.58601013295394,40.10595920183053,110.9992506659423,112.58428934203975,85.25727722183545,119.58130611061561,72.4787279859731,108.50077042170786,7.708691192506562,105.16662309683029,128.48147402863654,51.677517524996055,63.77491516569136,66.64909491726891,7.708691192506562,109.51897007023449,60.94189211657985,66.54191255342488,80.81173166250096,7.708691192506562,128.82187489802587,50.208048174001895,180.49534511554754,86.29511022489832,49.64647024249778,97.47026700913548,7.708691192506562,77.35063274382645,87.08662062479215,108.5106955193387,71.3785721771128,7.708691192506562,96.77118397447286,93.23874908714086,48.33577828929012,112.08641438880944,119.68687638004961,7.708691192506562,86.87376986620188,79.90092744579385,7.708691192506562,106.96961299357942,93.18256128915412,48.419903648975406,99.56811765467901,77.19860362514802,221.1035076097752,68.52802204632728,7.708691192506562,70.93553830205694,116.16383758738854,158.94653250848415,75.53015751560828,79.32787648333033,101.32961421193664,96.28605465109389,7.708691192506562,76.30862582598773,77.708361302866,149.87929751389393,42.161536954762646,53.23612252728407,98.4467136384146,7.708691192506562,63.11215834598735,85.43755729466872,48.27181116254176,7.708691192506562,62.91035005883446,7.708691192506562,103.72874005523667,116.5514419995103,32.41324972664973,144.32658912780605,126.70062585344833,41.56767395079338,412.0854619883418,38.370359482722144,231.43130332462775,7.708691192506562,62.58410005031986,87.8408830808759,57.197189077162506,101.48489560495142,7.708691192506562,29.11816198229125,85.10093210252317,7.708691192506562,40.475893680913885
gc_mid_U_3,6.523363982121421,68.06996572229384,146.2833083941308,109.95714741123048,69.76244169714842,111.470480525424,191.54687189950397,77.54824803371133,72.82245099705267,6.523363982121421,29.504201627175622,37.0636256863951,81.51317794989993,69.6484403328883,77.00098833526316,59.24539722858978,54.741793091050894,91.80757259047807,71.09290053421704,53.205540917228426,366.6492158815252,71.54988543342661,61.1424261740508,107.03969048544762,64.22587633304995,83.07186012999897,153.52330758334713,56.93017137210131,152.9720358604119,56.00219821895931,124.81334996753196,134.70731082155098,98.34678720705566,56.91013173972748,78.49850732879523,137.6991475465377,127.64831338891477,66.42054064069526,78.32087514237404,74.83677642213397,6.523363982121421,41.01470281002182,38.68703148629517,75.9746841394991,37.93264883698832,76.751498195711,83.58908883685697,6.523363982121421,49.326398186083814,72.31924177679575,149.70382154899156,135.39922149563674,36.50073350723118,96.79678246655276,61.67116577898707,49.481540408092386,91.89968369327075,110.17069353330623,6.523363982121421,79.54842941270772,76.54292355098862,6.523363982121421,138.02808418862853,55.52613277762676,129.01569544237495,100.96268254539362,129.31508917034446,228.36353030992234,102.78132911409651,6.523363982121421,46.78133742352313,78.70236294248151,133.54653910625802,146.7235199169976,58.648317429643576,95.73615685547583,81.76547959305547,6.523363982121421,74.052206686962,43.7985917686597,92.09068901402395,34.762264623458606,89.96918205708108,95.73475705254344,6.523363982121421,110.10241437258566,87.65422492845398,48.19223616557957,85.60891916438386,102.23879467185847,6.523363982121421,94.99406251843536,136.41920892694867,83.20117733802404,138.86406493699872,132.45140653217362,39.246504204231144,369.2547975453747,36.473418753533224,227.10472457077884,96.27626566741108,72.04499272408246,79.67983818687507,81.17518816779635,104.29274786557393,74.63247844518082,26.89482616604846,59.826544095712634,6.523363982121421,70.94561170571278
gc_mid_U_4,7.9434012160170955,67.34683914078053,7.9434012160170955,111.7380995803081,130.92096678528924,78.02105147307857,204.79992989944404,89.24007235336532,68.65241614478711,7.9434012160170955,50.478148842318475,7.9434012160170955,90.7788849005861,82.65461189909827,74.83786029720498,87.71417753478367,48.48829233172641,81.67997416296508,85.83799764474979,66.16056755840837,293.5898188101882,77.63525736191869,52.28243085167188,201.69153197713743,85.30880003502213,89.9285802277872,114.02143153841854,45.218530052240745,71.11788921124422,91.22250609968887,130.14640955117096,100.77894530760234,54.48004085209589,49.101891408714295,76.91397900705579,7.9434012160170955,106.73870814432692,52.7139386656824,65.78693210130062,89.97958885620221,7.9434012160170955,133.6516061294883,57.12419148539699,188.09837169770879,75.33378760142814,53.536993445894566,78.50538512508956,7.9434012160170955,57.844721750670686,79.29271487111029,73.03112013490698,44.04594158467628,7.9434012160170955,98.24419435562395,88.2120100730127,65.12414991616261,107.79282267665552,122.74614807516542,7.9434012160170955,102.43701089905642,164.2952236984997,7.9434012160170955,224.92294683586476,92.06243509875901,67.11489655501764,79.03414945169168,75.93786616438348,235.57952835426184,53.53138490503107,7.9434012160170955,67.19129113602759,99.06816871844212,162.79857694767728,71.15433237711694,81.66992606940495,81.18321875275659,101.0845586780346,7.9434012160170955,72.67432145552634,77.91106789651622,153.04336294068764,81.99974296603543,89.54452934975633,83.90763853046522,7.9434012160170955,7.9434012160170955,79.876402260453375,53.09684273767164,7.9434012160170955,7.9434012160170955,7.9434012160170955,103.50743552345568,111.974699353056,48.531846550330485,142.8655433374987,141.3912419707239,7.9434012160170955,360.5071253498208,63.39845514630674,251.96441366459734,73.34609759995311,58.72173335105943,77.86636450579927,7.9434012160170955,93.93848998153345,7.9434012160170955,55.22991977773455,91.81613649021004,31.46602707601718,7.9434012160170955
gc_mid_U_5,8.811134352332404,42.80821556502242,61.0932064007734,56.3192529375084,76.56372095576178,61.56282000993172,193.85573363569506,91.54448860881607,86.42208139979401,8.811134352332404,74.35893389863926,82.87592019565979,102.03964587879008,94.91860998724206,66.89921140820722,84.13131669302138,112.55639465337873,98.73544029957037,122.71059208151046,8.811134352332404,305.1169458020175,82.533904627586,49.415948890584566,94.16732252432394,79.61738048003711,86.60078805475314,114.69172999747853,71.44112921617919,108.31284752726383,68.62637268590953,139.80148616633355,105.41982831341953,47.91362215186503,8.811134352332404,80.61483055886849,8.811134352332404,112.15010532500858,56.14502020626561,61.064236266469585,84.22514497816603,8.811134352332404,130.2913249007212,56.67006094914791,183.4358041889024,102.44397555746883,58.41753179004755,101.28509793985621,8.811134352332404,88.45353785167306,102.3645241743342,76.28664273272736,65.35294504172002,8.811134352332404,100.64861015978343,100.47218020008252,61.85663251657268,121.26062349290456,146.13124961469765,8.811134352332404,93.36811471490317,102.32978327205565,8.811134352332404,129.95218807445795,101.08998253939508,67.79401741918927,62.100529617263774,74.82365689125052,265.27665170800935,8.811134352332404,8.811134352332404,67.8251453962517,96.21845400234756,185.19425628752762,81.48316023648205,79.71237573852046,84.29923739652563,47.162635313620356,8.811134352332404,80.40187959794994,77.10477183274976,145.61723891971454,77.44446453622471,49.21326732335985,86.86232639741081,73.69297335308843,50.44136699633026,120.88834870397494,53.649076698874666,8.811134352332404,55.24028268877271,8.811134352332404,76.81953735611697,142.0867623278597,8.811134352332404,116.13434013114954,167.79946381719418,8.811134352332404,421.09572880409786,35.3901023749785,260.3866661421342,76.08258782867797,56.14502020626561,91.03631167641103,32.6543930643506,123.86395912273589,8.811134352332404,42.510387928704695,86.71519908978976,52.53526355784639,37.09189095413134
gc_mid_U_6,9.00967297534426,58.93130142460526,140.8076835817423,9.00967297534426,79.31736387624547,83.0099651483513,213.5322001568252,126.8294236037878,93.42673257137285,9.00967297534426,59.76078101691198,9.00967297534426,119.35027873366717,58.90236953921909,75.82144890093831,63.83575882341504,65.49024769897119,93.96589272740908,105.7520932646277,76.82866865802616,348.2982086485285,96.75653317533633,70.66913274507367,107.1859962201807,75.60111176312343,96.39276847460444,155.0206284840513,63.866045107595475,146.02800346384117,87.4959002674342,134.64140651682115,142.66915234917386,69.02921808031853,56.078139780843266,68.65154563576013,188.67316046983726,104.4065913597281,58.448049068362245,95.41121711687782,105.94427494931297,9.00967297534426,128.4170045266853,50.53153675798612,116.26778806086548,75.76134077430761,68.81371529571524,96.7514156855252,9.00967297534426,50.947385428274394,97.61093096214297,135.83136570504666,110.80977515616635,9.00967297534426,87.07979140235813,109.8895673305828,43.513326190935665,123.46377720482594,133.31839683616099,9.00967297534426,76.34781372069742,106.87845836447727,9.00967297534426,131.00453108450986,122.27704737704731,103.26907257281407,91.66653407130696,74.73798319726093,285.992334918752,54.64865228162667,9.00967297534426,51.190650909826985,74.20806558558914,166.61143391506343,123.35876009498406,59.22389846601633,70.33789791644038,82.62958397112604,9.00967297534426,85.47277741980318,71.42454672244048,74.37163004667865,43.64411225218731,40.31250426007097,94.87754564617566,9.00967297534426,84.17691020917586,93.09763812176222,61.86692193505701,9.00967297534426,87.26942299139228,9.00967297534426,88.78109628058449,139.34033583391977,38.798412950588045,71.61590597311104,132.43202671946378,52.9851682601792,441.2977137869728,9.00967297534426,262.5024757151805,84.9904566937256,64.56819773931377,101.63275441933133,77.72056771094832,131.66843834546842,9.00967297534426,40.42641231033301,74.63601329557575,9.00967297534426,60.94542736610653
gc_surface_C_1,4.394532792498792,71.94257445461866,26.978392088378097,75.95400549108972,98.53850856340712,59.09176818211328,136.43789469874693,49.22202524765083,78.44902259494678,57.00547967762855,225.2058563436203,230.58008797983524,46.363146288180786,56.66338425521754,109.52536122165328,145.97091841162504,85.38054275209345,143.20250676284448,79.16595432037192,81.71683112546067,409.6365489778147,113.22488035965152,51.425447158814684,124.56648961624148,99.54404285534108,90.12328711245586,64.61344161142995,127.87269911443805,83.33788502525428,115.01162907463336,112.2702145124031,86.55321541679079,54.253610779571545,95.36865240838264,132.27805565393462,4.394532792498792,106.45066486164379,75.88174491773376,88.07459217134345,58.35863490610236,4.394532792498792,72.08676019645054,33.041578334459345,75.47442882410111,44.208031018858144,94.3544721445962,34.21124634906307,56.066231155039915,48.921165694548684,63.263668353899085,77.93428556832573,48.099502470034004,88.208288725918,127.0303773967759,42.28373558804166,42.52612009612654,80.52516650663664,125.82241417103972,4.394532792498792,66.53611060926033,126.99374638056815,4.394532792498792,186.3730150333633,70.22196217052448,70.21684640761622,195.6476206120018,135.6578102236316,172.24698326503236,33.32732975213546,4.394532792498792,43.72504058067758,64.84511568565951,108.82258838325438,54.73687736558039,49.043102337866586,98.84908462243499,66.01566426661958,4.394532792498792,50.54458942938605,37.93661222596844,122.30738278617696,59.298264666846066,89.08117845065449,84.34064673450835,22.82137836402259,85.30968786599274,120.75122171456844,78.73852161711862,4.394532792498792,32.14042685316934,40.60586350335336,81.00768123284462,94.64927396417723,46.43850766700615,180.71121314517595,254.60795367465258,81.68865766428094,462.36466023262017,111.55643215148422,154.81348828080124,71.0160823886429,160.15389946509492,96.18644113262704,4.394532792498792,76.61495080064873,55.35091469387447,4.394532792498792,49.82343827968205,81.31632383028622,38.160186098007344
gc_surface_C_2,80.59377396749733,63.85967665597096,45.38871775871681,75.08099429683443,77.68144974167004,79.841419561287,105.1687531197076,53.4905869291526,59.83967201662609,53.0543982459039,187.48972382791857,176.2930221503045,77.64930222415575,45.25496490421995,84.92390718542472,127.0657171324416,68.64176979802265,133.38440494614352,64.71373576028432,54.082989621299895,325.11396037223267,90.2530134478618,47.607878721136736,96.46339005774962,78.73163209229827,74.55325745375029,46.20166651306297,104.29855291764676,45.54791774887681,148.90139577243232,105.89051564956841,53.107763837685766,45.200479525257904,78.6656035833069,111.25183843929867,3.6753072785011693,90.89942561813642,60.78377496210009,132.0129317555919,97.67914749821003,54.9211054986766,136.0849220117074,113.27428024114002,155.81324186742276,75.39512092985073,72.8527947041735,58.3189672863737,80.1911963210491,103.71508072396892,98.8456869116474,98.21422949469424,33.19285583100773,68.53224145376254,117.20373326849331,76.22917029586135,121.88747450139464,67.3004479500753,166.41454915773002,3.6753072785011693,81.87830072102578,100.56921307367824,3.6753072785011693,56.50651019862575,68.16767370918377,68.52388152147724,214.91215533296116,99.137587044938,121.36156866715322,95.51051620769383,3.6753072785011693,80.30833486571353,141.57918163734664,109.31163315449703,47.83769650536481,85.76005469853195,72.43877731139492,55.124116445336256,55.0623181412335,62.58091060990079,89.44364898165362,92.87893546392498,76.71163530510512,70.08571433476025,70.47957659560761,84.70664653868272,45.121927491134144,30.805136303337978,68.72038277312842,43.02982522036471,28.15069117065208,38.12699149347813,106.98440920088102,73.69916765490528,54.5246607296822,136.73058148145617,210.57812330640024,67.44009196146015,395.18015274408583,83.46767814011066,141.46042074955437,66.40156074598642,156.58172307654849,86.53885821887005,3.6753072785011693,65.59735088765724,51.088803711345,81.74939670717247,76.89993414481873,89.0474193154046,34.171182320866826
gc_surface_C_3,58.48644097543482,69.82541965345433,40.04017122667249,74.94297070953891,88.17222748147026,33.55915471198275,122.03174103247738,60.11673191588816,69.60419034819343,4.062030251501211,207.31478648722808,207.70014125740718,64.87381779344089,49.60013088669557,101.67560741474094,156.4517110099587,84.08062546688262,158.8111847029899,70.36951830149312,66.3720829649335,377.2968859821369,99.82578628135587,40.19359284300276,111.18966383998324,90.1771069699075,87.45669293891618,59.330569528874186,124.00809086543138,43.35810463171768,119.90119769288086,162.23568194411385,76.90279595898616,49.96664380084028,81.614581801014893,100.08854635559544,55.77503485392382,45.99278193265248,69.57672483741004,205.23128959126575,69.20093855847304,4.062030251501211,113.39920748769836,77.64644040998832,107.57369903217592,58.78396155967717,63.623824272392696,62.620255632199836,90.25957880662138,47.07825138370708,91.5456606257955,59.559465389023096,30.233914966829563,92.63860384020774,131.63554394343385,65.17303609020765,87.36000831765632,76.13755786847342,138.37177527039537,189.4298502548042,76.80169309352058,118.5268739022887,4.062030251501211,165.1797365311012,39.58405824990468,48.767862615078926,169.27683528509868,109.65419115391337,130.75038304085933,54.52536132085113,4.062030251501211,71.58527501469705,93.39433940086951,115.14915213073137,49.5830529159437,99.47857050358425,111.81672047376235,62.28822524242112,4.062030251501211,61.14687692889655,70.86062856303418,119.86810405411568,97.346343340452,67.63946046361812,88.9162320468328,48.73330631985894,98.03116822622748,81.91241957513053,81.8654323049556,4.062030251501211,31.758292222643714,41.21559548812093,65.14534658578904,81.69799474670863,36.54298203834346,153.84537601394692,241.3749196859095,85.46890650939406,455.9438820445913,99.89796561632284,125.54638746962871,71.88591407643598,187.46892898802358,97.36526383595597,21.508317439539322,74.93481384854103,4.062030251501211,111.33818794683438,67.67301090142368,98.22210446709555,24.086120338267264
gc_surface_C_4,80.67251156344496,55.46356678540259,35.967525863985074,61.98458927161715,59.26238949745756,80.33727991348962,94.90642461442442,52.38761293756811,60.37905375222784,41.37202415685578,168.53333289536195,98.6717674272333,79.87309645728166,41.4767790489327,44.582557308508605,153.86943878777493,77.61593324630157,88.03339000581119,60.423278228133334,50.11542767136938,290.48048085073407,77.18923712367602,36.11702266107806,86.46358640757774,72.63553351460529,74.11973391157494,46.83819870410766,96.00074922702774,29.96116987334195,112.90720822553578,139.30660428503256,52.926611082685895,31.47228275120478,62.76547020958318,82.82672811385939,3.1362971282719707,36.610236278022875,54.484462942655675,166.43694654858652,94.36896207897351,69.37176261514722,134.6745525841674,151.88555061110128,179.19123840647742,71.92539493177532,59.48620721365485,76.26036347624525,79.0030226765125,109.22474155023158,106.48669558545909,84.86910782313652,20.441723715313895,72.87710056404649,116.96258711834477,76.50115102035446,107.61468123108654,62.19538979678656,124.3912494162676,153.8400309105711,71.65473280050527,76.56896780809568,79.80046335346756,130.40055925159123,51.42704638219172,36.15120025724128,189.37792942159402,80.3360780311702,107.35840296123284,101.42126173073486,3.1362971282719707,103.7385628228835,114.46770885983531,107.15151010138882,25.172407108393507,101.03587801937418,176.26298870837118,54.61556194494244,49.49267781990716,59.5779566271389,86.91588803603254,86.9886606484959,85.34369695968189,67.93899666764065,67.29525924133053,76.93466149318911,77.35999924529847,80.49434185987688,66.85687684970925,29.64353110326038,14.128561742509241,35.66373820632693,93.06741531295707,47.99522300576743,24.446387870839157,117.5983660084166,195.29202833349294,77.48400363687516,361.2673589936217,78.84839100869549,93.9076296957301,63.54962118170686,145.91076104480092,92.63378559695312,3.1362971282719707,55.55800778536111,34.93489439403922,114.725980878732,81.24815878108002,72.08368284512677,18.093887976733754
gc_surface_C_5,84.67341877438864,61.66848253044335,37.51422901024724,63.35787436315435,47.380151589108074,84.31240936532733,89.6984928839757,60.520614347969385,72.07756657656353,3.0891057811705407,177.94691099295957,172.72862838191259,75.56771997367107,32.60558514756201,60.008677525316635,137.09796101468177,61.92368982640214,84.62697929992207,54.22451585435848,50.88056906359306,276.9342395012501,79.17420213871745,36.625724435449484,77.63229003530691,73.87867559165271,72.31169744681293,44.83953874713655,97.5175202745316,43.40632114137765,103.11602651401199,155.2299211502569,74.54866625421766,27.605346730705737,48.57665224117258,68.30253095013207,20.338631287588058,34.317674572694834,56.446912471367234,157.22418046844095,98.53219977882766,75.64725644758683,124.9870198875895,153.22028499617227,182.0577381965988,70.67864531360766,46.19990099907627,82.30091284316426,85.3818964584646,116.51321046199027,109.12651451764943,64.07988349245633,3.0891057811705407,65.92525329209484,107.1754091050543,86.72358206382421,177.58229593799416,64.26696409049462,217.8991632424728,152.1209859940119,78.5146231532542,74.48304724732417,56.11113491261763,109.73438916692743,38.15236630604823,41.045359095324606,221.20238519294017,153.291054765104,105.65938641960769,95.43580024130375,102.00644223969479,111.06603709547966,120.97850733179446,135.29050540436046,27.720986945574033,175.93420270842898,104.03411095449867,61.779067864538675,48.15973794279711,73.52940224376687,88.96462978637607,173.54896674652903,171.83387102725467,58.637184501618385,84.3985465467559,92.556846045842,85.76189961399182,89.65823340198459,62.506194430161955,35.974278703436305,19.27569628652874,59.69414263529035,90.9258066400745,52.86514889835265,13.401374565091983,97.16007169355476,191.63455379543018,72.46247879101358,354.58712615559824,76.91694633366757,86.94960942536314,59.9243716770074,167.2755793958349,84.04158880728819,18.65870240869665,51.84105555604008,3.0891057811705407,98.77553354203002,88.17500744815317,46.673077060470696,19.27935294349254
gc_surface_C_6,81.42087257480271,55.411293212808964,17.330722148421568,67.40168197780751,3.693799619509287,38.52658771343487,106.82897866955602,43.32134895432772,61.72552825521028,47.15446229326892,140.50063122238936,83.47355678075952,94.26233371698424,45.42969564168975,36.43852704103896,158.40657732794816,60.2720459181425,103.11676647574491,47.03143465263702,54.536765118009626,313.55776317820164,72.75823949340788,37.34899345616102,78.18046849864315,63.047012323650286,77.91392023630448,44.28202305358564,98.46740121207411,47.18360358322806,102.36386182697917,121.96466202928967,66.07760481641876,21.29201073836365,52.76852586319874,77.73512132522524,58.26108316208132,37.34129559080882,55.60524943109788,162.6039819979028,90.32602547526312,65.4367922667631,125.51960531302917,169.96621860601286,213.89714028814547,126.88963584203519,67.13442523570794,61.865645340377384,82.78819785915438,143.259420232837,109.0335463485782,84.3634839686449,19.433090005009802,75.7882889332564,119.62533695620333,81.71797232498095,143.57317867754114,71.41723486952397,188.84707710140376,172.96942477165877,76.42146866087043,35.87792975200706,99.67817373288064,121.58441327372785,30.679869270890705,69.0051177110433,74.21453822090373,71.33424150866335,236.46807065300698,94.33952354777044,114.36794271293725,119.7938832709836,126.80607257908528,150.09149970375282,36.84928688734753,107.30255629741617,57.17333743234375,58.422292263598145,82.71268601077854,77.27851017222241,102.88724705513937,97.68085273044836,97.77228781418906,61.793074568902306,69.6572597182438,101.44243322050882,77.60150224737643,82.59666984073097,73.83733957697369,34.36543021881931,22.299149116830765,3.693799619509287,95.82669027829525,55.0606767559361,27.95644722867857,115.9401890715629,187.05390617679097,68.42060257412673,390.44125489996946,77.27072619675207,111.19081176116877,21.88835537285598,133.25815325499806,87.29617672819224,3.693799619509287,57.589726142679865,3.693799619509287,109.31274727738408,80.80705161361335,64.93829870722661,26.180263410379006
gc_surface_U_1,4.7604507549609885,69.26846605746333,40.131746815599016,84.546682557846,82.2161716415089,49.912582833838556,148.50180813138832,56.288629348712995,63.7936611518533,4.7604507549609885,259.0196676937849,229.82673561399872,51.27350011570199,58.877676405042436,122.1017241749296,154.6455974271213,92.62185874589058,236.78391186789324,98.65641380334223,74.0277161854509,427.5575800962792,116.25189927049126,54.219115067334755,138.26662610768628,101.33596307545488,95.81634434081926,70.77119259837855,120.59849315802619,53.77706681010346,125.288301306718,144.4353276547592,77.39401742203397,53.40244778407841,93.32888880573408,139.8145630050926,4.7604507549609885,150.9142970536568,86.5568671977013,163.1852980580631,64.03399618930347,4.7604507549609885,71.16373272711922,40.01322007128588,69.15703567476663,47.81430346239019,89.59395145019457,60.012477550504016,4.7604507549609885,51.69553310272605,53.99744529145754,90.24536406463336,28.178380555244093,92.44297402807062,135.62993684463132,44.93788602741577,47.84608819805292,77.15521894694051,140.26391322420133,4.7604507549609885,73.77338446636566,111.32101268891589,4.7604507549609885,196.74863933446386,65.8418403421845,60.698089927646755,252.58991240757337,145.5761297783958,138.2492447706527,4.7604507549609885,4.7604507549609885,38.6445202324767,87.10812798415331,159.39263897862259,51.711333215870056,42.85813764271417,190.2471939530216,64.09774649294945,4.7604507549609885,67.53501398637971,45.69684252574151,133.82866174070054,65.38683140670639,89.48544277799267,90.38991608654905,22.347041073827558,83.446379659560165,106.58583769975017,90.2570961196262,67.37843568208712,27.319851049183992,61.65333794127139,56.67146629917849,93.15449625886858,42.73542272357049,178.4915885305629,265.9064135169159,95.83212068647397,526.0921485948825,103.28966120962299,134.64054114985777,85.43324206251242,184.51098534515924,106.40600665610793,4.7604507549609885,73.6278807498677,60.966634498830615,88.60855247537812,52.86065047103513,102.35195257021135,11.545864837793495
gc_surface_U_2,77.71617160942229,65.41035092246801,44.76330169945753,68.9845574430116,80.31059825620338,62.66095997856826,111.26110730072473,62.910371722642424,64.87327438312987,49.867179002931685,196.7897190877976,148.09510025201914,58.00018789018697,49.142440150158414,88.17146822227186,118.9925609879643,34.93344390608593,194.5373884476069,72.89573563642249,63.3273264003421,328.3678272360132,86.92806742207013,43.063272578076386,99.94786472589047,80.18996473795796,69.97408407291724,51.33012126660035,96.12004212794973,48.39240871693575,103.22178597177036,89.14253784544653,69.12357936270311,36.29801264177125,77.02428497287002,104.18704526896133,3.6892153603817324,120.20107143746093,54.61223101447721,71.35315526395904,96.769843806942,60.73784650438947,130.160370635853,92.67481089969155,168.44366933307325,81.3906909682643,59.036112570473236,81.13707705030751,73.9702203643308,95.15755772658319,103.35951054292136,56.74255637337314,31.140413519270957,76.3393122752553,116.54194559229671,77.52495139610444,72.74042988253849,64.02462951092436,126.84825358511488,166.85968005759312,63.78363120541773,89.89219201828486,62.3133479458531,146.66832229235504,60.57555561566354,46.63759339745195,210.21693648575925,88.02870467760876,117.6466795938327,93.79905628164678,66.90121047838166,81.30233970706684,85.49699914547332,109.97840684739914,44.30406221211411,68.8600165552251,141.617793857166,52.231482150470775,3.6892153603817324,72.77873485632774,72.58190350841922,107.53758282247388,79.72120387197329,66.38715391473227,70.87688395731574,74.47096583915503,77.58510489618766,98.67358516405395,79.34850603855308,43.479630218450126,26.65814214060414,3.6892153603817324,92.75280215646158,71.88161924036984,41.09312871989287,124.17040321146538,209.93905041671107,76.51215621087123,390.6928485802816,78.01149231651961,121.76595158799559,50.969485019381395,165.49283950740522,84.73666757148182,25.606124796981884,65.72024210274337,39.81019837834911,77.83146236617301,78.96832603772813,81.47413320658002,26.01434278606915
gc_surface_U_3,4.545783287389734,79.87868568181702,23.459979502061586,34.49618501114189,39.780942359261545,30.38469091676846,132.9650687208038,67.805230979059,67.73329735973823,60.435429367425364,213.05335875823303,188.87029505880042,73.9812321196125,56.57536698753345,98.51668195526386,151.51481164516315,82.66745259564013,207.43682361252118,71.68137126884555,83.60770267894694,409.12527791105873,102.28749203414552,48.2813480935826,117.60042392629148,90.86574312074367,88.34949126242725,57.26045681193508,111.16208198237155,48.99590529809155,114.99451519819968,173.63944068047712,80.99246422130311,29.624974534067768,79.06635678984851,105.09431694315651,4.545783287389734,106.26772739676436,69.53721651989045,114.89825324574937,89.96251405402934,61.605793132764205,124.61813561415877,69.53324534434594,110.25190395649747,59.42419742113996,85.43040691027541,76.59216601611232,4.545783287389734,53.1894378994067,94.51882497455705,70.45227555645627,41.17657972283775,87.99906392993222,127.93177771937536,63.59957115029059,55.850592058610694,83.26819343309948,125.35220989821991,4.545783287389734,76.32608680989992,49.00565745186621,4.545783287389734,178.4964741721236,61.982064453550436,40.35119213999952,201.12617740608,100.53798396811888,137.40804099993028,96.0861509894327,4.545783287389734,56.443828374530625,70.42822027065633,116.9566326401815,47.61420964520851,51.568681699549565,147.95798041237282,57.98059047363763,4.545783287389734,84.47505602178126,60.21029377062115,112.4883964590397,54.72909050866378,82.67638915771818,85.64939739539992,4.545783287389734,82.62307162940562,92.96165811459377,90.9840955105319,33.190398516564144,18.210343594464607,4.545783287389734,95.89552127830349,76.14380737598832,29.811183106852702,165.88095924256612,247.756243215707,77.95707035286216,491.82464595517195,96.65293901313281,135.94494264987475,71.95748421432683,176.8295258602019,98.23621326824355,4.545783287389734,71.32005711693662,4.545783287389734,64.3993653189637,73.5411429199963,91.324658614342,25.84245205289834
gc_surface_U_4,75.7963889330487,69.12743987998974,27.65982934426851,62.103870095738955,70.08248683114532,42.763576163558774,107.20648914219697,57.23223725046653,58.495976250415396,46.429684023423796,165.84189126014783,129.6882685572578,92.40978120234266,47.158689101796604,67.42714744332811,155.98023254429256,81.11421555414383,112.65123218361182,65.12953502599365,63.02700399434531,314.5512775813095,85.86962172685045,38.735427958469536,92.0423110921651,77.23118073342344,77.84782610582515,40.49119210135414,92.38298858627907,43.32148990713814,103.20998215317407,155.81504518205745,60.310988771411864,24.64798153481805,67.4950253281554,78.60878744212148,3.5185284826732777,75.14365722365604,61.786524195818,68.01253243610417,94.3763738044231,63.93805281645669,138.1593690353168,128.16970455654925,212.3554390803697,73.36029546458653,75.47448967193162,76.02522970822969,3.5185284826732777,130.50764807279361,96.17853529983387,75.14144876863926,26.53545874080657,74.07435772285625,124.05604590787605,78.05037722116177,95.0831701817112,66.01389757761599,119.12079372836087,162.06925231985065,88.75314150506925,72.15369654650527,77.76270993485176,145.55586796774116,32.9503468961851,47.06073334952525,153.9058033485069,87.20663173865428,117.24004164094951,90.69413828181527,78.78560425639444,102.98433453351767,144.22701090270672,137.72408137648657,46.42014411711213,86.82290235613897,83.28871009803001,52.37726086612082,60.423008838291416,72.23612770274931,95.33052567652423,91.91715694992642,86.88417203463335,72.8727278101887,70.81604224158845,97.80886450112683,79.69315558882285,78.03176515552425,76.45753246959708,35.3950675905838,16.274923621190528,3.5185284826732777,97.93939430757897,52.37143816863765,28.952644246522617,129.53915103563844,200.3896905848903,71.67143614981082,386.05147109897865,77.31805563555102,114.52570355884892,67.124055352434,146.19139351622633,97.59367470729245,3.5185284826732777,57.0036966863168,3.5185284826732777,93.35996189593733,86.4124001394515,69.41895071805713,18.945128174702685
gc_surface_U_5,78.2133522170428,68.03346507331686,12.196009066541398,64.89730568037858,40.62976549635994,40.74683079419155,108.08845666764697,51.72382793949136,57.8973243792175,46.061938919514425,156.44247749244087,133.4049839158002,105.96749080765743,48.18121002847803,71.31152681030154,168.29636620803717,78.28978342215993,123.48904303135029,60.75524735239381,56.758003081670424,316.80616136221744,84.23442220230969,43.0714339755453,98.57567566551863,77.59498603894075,78.17904629430403,46.52070690995409,91.06427426888128,45.899740592433055,96.64675307266057,143.7300017140577,49.323249332922785,3.6924912177660185,64.86068637159454,77.40805179953836,3.6924912177660185,80.27813060923253,53.10872696708033,70.81408483899271,92.83589938039447,3.6924912177660185,138.88796409477857,130.5918509446589,252.61238347968396,72.41508578199779,66.35913018227807,74.62789266235959,3.6924912177660185,132.29526099798005,93.28084493468087,50.96896117658341,22.598484274403788,62.867389303000195,128.0001620715041,78.43390159252164,123.82385184670036,64.846763422973,175.20075275535254,175.34100117812085,104.48036130079151,3.6924912177660185,115.00737397616392,140.99419111787867,31.95766238058815,62.18844982885749,157.23848095968614,89.42153903200845,115.20085835170512,84.01537192152935,86.770213160128,109.39644684853084,155.47755661410238,140.02419808577554,45.52629508136566,119.00405931007866,241.84035490567373,54.003394239747884,3.6924912177660185,63.35271130240333,106.36281298171211,91.19777192206807,100.79904271307129,73.2568215059462,69.51620087588817,103.82394068056618,41.74835498962324,75.70660176197107,74.05149365560455,3.6924912177660185,16.65593003655423,3.6924912177660185,102.14641887057768,48.44871177562756,16.285945639454226,130.8101566556142,166.5064334804901,68.48280035518438,395.9446300925332,77.14118456943609,109.01021043720293,70.15356109826732,137.18838871124925,88.58219585043139,3.6924912177660185,54.630794104067306,3.6924912177660185,93.21425991152996,89.72787145589739,66.36119605776548,15.300864422352602
gc_surface_U_6,79.81107930800513,68.58167925379591,22.277664409992642,75.22912793648645,80.98792413939589,49.341459353346835,106.19949969664903,63.35742254888408,54.25745595001028,51.02700631461989,142.56913186899058,120.0221994596182,110.63807887130422,54.082782749572424,65.50033011874179,167.73104183240298,60.966303161598724,138.51564949350464,82.52822446144117,63.97629766260855,320.50690903768793,83.49226601705809,42.62476152511968,92.93036483582728,73.40786611596532,77.69058770515015,46.35476886751109,89.48317951396454,51.9398879563129,100.57811321261646,130.55405575973936,47.66901429982018,3.748316019185222,52.55979681458742,66.84500281585915,3.748316019185222,89.49683671669175,60.823145988441986,160.17466460313588,95.70901851463942,3.748316019185222,136.34623437176424,118.8142835807847,248.1159367951134,74.91398781191083,67.44049806916544,76.85864866382433,3.748316019185222,140.13403927061765,98.11174325290742,71.99255108411708,23.202951652800735,54.57560019771984,124.67932347419129,80.89080036314547,114.26955659531653,70.42012110295997,172.00613732334384,174.9567731738518,108.7447987465404,70.93106761099429,144.5606766425165,135.59022183259117,108.05152569680742,71.17821315009728,134.47599713922344,87.28335084045334,129.30531447893947,82.47550765658687,69.46273011861824,116.88190938131399,150.18635488230709,139.46994965702748,55.20619773858906,125.92262047311009,239.50412188402018,54.01110624535713,3.748316019185222,72.63520514058392,99.12387475524902,97.44059359842656,108.65974698257506,71.63285557030821,70.58746322759916,109.20172601212329,48.67365966143552,88.4619589036527,74.71552075349013,46.995923239845006,19.72409073786957,3.748316019185222,106.0971835220172,52.10661133824361,32.75031858942314,124.57877480238598,201.46191318979479,69.20364443276672,404.10011063794065,75.75324969820456,100.04288460322354,16.176980559711943,141.8292492470445,87.87504805985941,3.748316019185222,57.192147803160644,3.748316019185222,68.03168931399605,91.6262341438248,65.39632182300427,28.128302119391655
